ID операции;Дата;ID магазина;Артикул;Тип операции;Количество упаковок шт;Цена руб за шт
1;01.06.2021;1;4;Поступление;180;75
2;01.06.2021;1;4;Продажа;180;75
3;01.06.2021;1;5;Поступление;180;70
4;01.06.2021;1;5;Продажа;170;70
5;01.06.2021;1;6;Поступление;180;50
6;01.06.2021;1;6;Продажа;180;50
7;01.06.2021;1;9;Поступление;180;55
8;01.06.2021;1;9;Продажа;150;55
9;01.06.2021;1;10;Поступление;180;70
10;01.06.2021;1;10;Продажа;150;70
11;01.06.2021;1;13;Поступление;170;60
12;01.06.2021;1;13;Продажа;120;60
13;01.06.2021;1;18;Поступление;180;49
14;01.06.2021;1;18;Продажа;80;49
15;01.06.2021;1;24;Поступление;180;50
16;01.06.2021;1;24;Продажа;159;50
17;01.06.2021;1;25;Поступление;170;52
18;01.06.2021;1;25;Продажа;159;52
19;01.06.2021;1;26;Поступление;180;47
20;01.06.2021;1;26;Продажа;159;47
21;01.06.2021;1;27;Поступление;180;45
22;01.06.2021;1;27;Продажа;159;45
23;01.06.2021;1;28;Поступление;180;38
24;01.06.2021;1;28;Продажа;133;38
25;01.06.2021;1;29;Поступление;180;85
26;01.06.2021;1;29;Продажа;27;85
27;01.06.2021;1;30;Поступление;170;44
28;01.06.2021;1;30;Продажа;106;44
29;01.06.2021;1;33;Поступление;180;50
30;01.06.2021;1;33;Продажа;106;50
31;01.06.2021;1;34;Поступление;180;65
32;01.06.2021;1;34;Продажа;53;65
33;01.06.2021;1;44;Поступление;170;180
34;01.06.2021;1;44;Продажа;80;180
35;01.06.2021;1;45;Поступление;180;170
36;01.06.2021;1;45;Продажа;53;170
37;01.06.2021;1;46;Поступление;180;330
38;01.06.2021;1;46;Продажа;106;330
39;01.06.2021;1;47;Поступление;180;370
40;01.06.2021;1;47;Продажа;32;370
41;01.06.2021;1;48;Поступление;180;180
42;01.06.2021;1;48;Продажа;80;180
43;01.06.2021;10;4;Поступление;170;75
44;01.06.2021;10;4;Продажа;180;75
45;01.06.2021;10;5;Поступление;180;70
46;01.06.2021;10;5;Продажа;180;70
47;01.06.2021;10;6;Поступление;180;50
48;01.06.2021;10;6;Продажа;165;50
49;01.06.2021;10;9;Поступление;170;55
50;01.06.2021;10;9;Продажа;150;55
51;01.06.2021;10;10;Поступление;180;70
52;01.06.2021;10;10;Продажа;150;70
53;01.06.2021;10;13;Поступление;180;60
54;01.06.2021;10;13;Продажа;120;60
55;01.06.2021;10;18;Поступление;180;49
56;01.06.2021;10;18;Продажа;80;49
57;01.06.2021;10;24;Поступление;180;50
58;01.06.2021;10;24;Продажа;159;50
59;01.06.2021;10;25;Поступление;170;52
60;01.06.2021;10;25;Продажа;159;52
61;01.06.2021;10;26;Поступление;180;47
62;01.06.2021;10;26;Продажа;159;47
63;01.06.2021;10;27;Поступление;180;45
64;01.06.2021;10;27;Продажа;159;45
65;01.06.2021;10;28;Поступление;170;38
66;01.06.2021;10;28;Продажа;133;38
67;01.06.2021;10;29;Поступление;180;85
68;01.06.2021;10;29;Продажа;27;85
69;01.06.2021;10;30;Поступление;180;44
70;01.06.2021;10;30;Продажа;106;44
71;01.06.2021;10;33;Поступление;180;50
72;01.06.2021;10;33;Продажа;106;50
73;01.06.2021;10;34;Поступление;180;65
74;01.06.2021;10;34;Продажа;53;65
75;01.06.2021;10;44;Поступление;170;180
76;01.06.2021;10;44;Продажа;80;180
77;01.06.2021;10;45;Поступление;180;170
78;01.06.2021;10;45;Продажа;53;170
79;01.06.2021;10;46;Поступление;180;330
80;01.06.2021;10;46;Продажа;106;330
81;01.06.2021;10;47;Поступление;170;370
82;01.06.2021;10;47;Продажа;32;370
83;01.06.2021;10;48;Поступление;180;180
84;01.06.2021;10;48;Продажа;80;180
85;01.06.2021;11;4;Поступление;180;75
86;01.06.2021;11;4;Продажа;115;75
87;01.06.2021;11;5;Поступление;180;70
88;01.06.2021;11;5;Продажа;60;70
89;01.06.2021;11;6;Поступление;180;50
90;01.06.2021;11;6;Продажа;72;50
91;01.06.2021;11;9;Поступление;170;55
92;01.06.2021;11;9;Продажа;90;55
93;01.06.2021;11;10;Поступление;180;70
94;01.06.2021;11;10;Продажа;90;70
95;01.06.2021;11;13;Поступление;180;60
96;01.06.2021;11;13;Продажа;80;60
97;01.06.2021;11;18;Поступление;170;49
98;01.06.2021;11;18;Продажа;56;49
99;01.06.2021;11;24;Поступление;180;50
100;01.06.2021;11;24;Продажа;111;50
101;01.06.2021;11;25;Поступление;180;52
102;01.06.2021;11;25;Продажа;109;52
103;01.06.2021;11;26;Поступление;180;47
104;01.06.2021;11;26;Продажа;114;47
105;01.06.2021;11;27;Поступление;180;45
106;01.06.2021;11;27;Продажа;112;45
107;01.06.2021;11;28;Поступление;170;38
108;01.06.2021;11;28;Продажа;93;38
109;01.06.2021;11;29;Поступление;180;85
110;01.06.2021;11;29;Продажа;19;85
111;01.06.2021;11;30;Поступление;180;44
112;01.06.2021;11;30;Продажа;74;44
113;01.06.2021;11;33;Поступление;170;50
114;01.06.2021;11;33;Продажа;74;50
115;01.06.2021;11;34;Поступление;180;65
116;01.06.2021;11;34;Продажа;37;65
117;01.06.2021;11;44;Поступление;180;180
118;01.06.2021;11;44;Продажа;56;180
119;01.06.2021;11;45;Поступление;180;170
120;01.06.2021;11;45;Продажа;37;170
121;01.06.2021;11;46;Поступление;180;330
122;01.06.2021;11;46;Продажа;74;330
123;01.06.2021;11;47;Поступление;170;370
124;01.06.2021;11;47;Продажа;23;370
125;01.06.2021;11;48;Поступление;180;180
126;01.06.2021;11;48;Продажа;56;180
127;01.06.2021;12;4;Поступление;180;75
128;01.06.2021;12;4;Продажа;170;75
129;01.06.2021;12;5;Поступление;170;70
130;01.06.2021;12;5;Продажа;120;70
131;01.06.2021;12;6;Поступление;180;50
132;01.06.2021;12;6;Продажа;90;50
133;01.06.2021;12;9;Поступление;180;55
134;01.06.2021;12;9;Продажа;150;55
135;01.06.2021;12;10;Поступление;180;70
136;01.06.2021;12;10;Продажа;90;70
137;01.06.2021;12;13;Поступление;180;60
138;01.06.2021;12;13;Продажа;100;60
139;01.06.2021;12;18;Поступление;170;49
140;01.06.2021;12;18;Продажа;60;49
141;01.06.2021;12;24;Поступление;180;50
142;01.06.2021;12;24;Продажа;120;50
143;01.06.2021;12;25;Поступление;180;52
144;01.06.2021;12;25;Продажа;120;52
145;01.06.2021;12;26;Поступление;170;47
146;01.06.2021;12;26;Продажа;120;47
147;01.06.2021;12;27;Поступление;180;45
148;01.06.2021;12;27;Продажа;120;45
149;01.06.2021;12;28;Поступление;180;38
150;01.06.2021;12;28;Продажа;100;38
151;01.06.2021;12;29;Поступление;180;85
152;01.06.2021;12;29;Продажа;20;85
153;01.06.2021;12;30;Поступление;180;44
154;01.06.2021;12;30;Продажа;80;44
155;01.06.2021;12;33;Поступление;170;50
156;01.06.2021;12;33;Продажа;80;50
157;01.06.2021;12;34;Поступление;180;65
158;01.06.2021;12;34;Продажа;40;65
159;01.06.2021;12;44;Поступление;180;180
160;01.06.2021;12;44;Продажа;60;180
161;01.06.2021;12;45;Поступление;170;170
162;01.06.2021;12;45;Продажа;40;170
163;01.06.2021;12;46;Поступление;180;330
164;01.06.2021;12;46;Продажа;80;330
165;01.06.2021;12;47;Поступление;180;370
166;01.06.2021;12;47;Продажа;24;370
167;01.06.2021;12;48;Поступление;180;180
168;01.06.2021;12;48;Продажа;60;180
169;01.06.2021;13;4;Поступление;180;75
170;01.06.2021;13;4;Продажа;180;75
171;01.06.2021;13;5;Поступление;170;70
172;01.06.2021;13;5;Продажа;110;70
173;01.06.2021;13;6;Поступление;180;50
174;01.06.2021;13;6;Продажа;90;50
175;01.06.2021;13;9;Поступление;180;55
176;01.06.2021;13;9;Продажа;150;55
177;01.06.2021;13;10;Поступление;170;70
178;01.06.2021;13;10;Продажа;90;70
179;01.06.2021;13;13;Поступление;180;60
180;01.06.2021;13;13;Продажа;100;60
181;01.06.2021;13;18;Поступление;180;49
182;01.06.2021;13;18;Продажа;60;49
183;01.06.2021;13;24;Поступление;180;50
184;01.06.2021;13;24;Продажа;120;50
185;01.06.2021;13;25;Поступление;180;52
186;01.06.2021;13;25;Продажа;120;52
187;01.06.2021;13;26;Поступление;170;47
188;01.06.2021;13;26;Продажа;120;47
189;01.06.2021;13;27;Поступление;180;45
190;01.06.2021;13;27;Продажа;120;45
191;01.06.2021;13;28;Поступление;180;38
192;01.06.2021;13;28;Продажа;100;38
193;01.06.2021;13;29;Поступление;170;85
194;01.06.2021;13;29;Продажа;20;85
195;01.06.2021;13;30;Поступление;180;44
196;01.06.2021;13;30;Продажа;80;44
197;01.06.2021;13;33;Поступление;180;50
198;01.06.2021;13;33;Продажа;80;50
199;01.06.2021;13;34;Поступление;180;65
200;01.06.2021;13;34;Продажа;40;65
201;01.06.2021;13;44;Поступление;180;180
202;01.06.2021;13;44;Продажа;60;180
203;01.06.2021;13;45;Поступление;170;170
204;01.06.2021;13;45;Продажа;40;170
205;01.06.2021;13;46;Поступление;180;330
206;01.06.2021;13;46;Продажа;80;330
207;01.06.2021;13;47;Поступление;180;370
208;01.06.2021;13;47;Продажа;24;370
209;01.06.2021;13;48;Поступление;170;180
210;01.06.2021;13;48;Продажа;60;180
211;01.06.2021;14;4;Поступление;180;75
212;01.06.2021;14;4;Продажа;120;75
213;01.06.2021;14;5;Поступление;180;70
214;01.06.2021;14;5;Продажа;49;70
215;01.06.2021;14;6;Поступление;180;50
216;01.06.2021;14;6;Продажа;72;50
217;01.06.2021;14;9;Поступление;180;55
218;01.06.2021;14;9;Продажа;90;55
219;01.06.2021;14;10;Поступление;170;70
220;01.06.2021;14;10;Продажа;90;70
221;01.06.2021;14;13;Поступление;180;60
222;01.06.2021;14;13;Продажа;80;60
223;01.06.2021;14;18;Поступление;180;49
224;01.06.2021;14;18;Продажа;57;49
225;01.06.2021;14;24;Поступление;170;50
226;01.06.2021;14;24;Продажа;108;50
227;01.06.2021;14;25;Поступление;180;52
228;01.06.2021;14;25;Продажа;115;52
229;01.06.2021;14;26;Поступление;180;47
230;01.06.2021;14;26;Продажа;116;47
231;01.06.2021;14;27;Поступление;180;45
232;01.06.2021;14;27;Продажа;105;45
233;01.06.2021;14;28;Поступление;180;38
234;01.06.2021;14;28;Продажа;93;38
235;01.06.2021;14;29;Поступление;170;85
236;01.06.2021;14;29;Продажа;19;85
237;01.06.2021;14;30;Поступление;180;44
238;01.06.2021;14;30;Продажа;74;44
239;01.06.2021;14;33;Поступление;180;50
240;01.06.2021;14;33;Продажа;74;50
241;01.06.2021;14;34;Поступление;170;65
242;01.06.2021;14;34;Продажа;37;65
243;01.06.2021;14;44;Поступление;180;180
244;01.06.2021;14;44;Продажа;56;180
245;01.06.2021;14;45;Поступление;180;170
246;01.06.2021;14;45;Продажа;37;170
247;01.06.2021;14;46;Поступление;180;330
248;01.06.2021;14;46;Продажа;74;330
249;01.06.2021;14;47;Поступление;180;370
250;01.06.2021;14;47;Продажа;23;370
251;01.06.2021;14;48;Поступление;170;180
252;01.06.2021;14;48;Продажа;56;180
253;01.06.2021;15;4;Поступление;180;75
254;01.06.2021;15;4;Продажа;180;75
255;01.06.2021;15;5;Поступление;180;70
256;01.06.2021;15;5;Продажа;180;70
257;01.06.2021;15;6;Поступление;170;50
258;01.06.2021;15;6;Продажа;180;50
259;01.06.2021;15;9;Поступление;180;55
260;01.06.2021;15;9;Продажа;145;55
261;01.06.2021;15;10;Поступление;180;70
262;01.06.2021;15;10;Продажа;150;70
263;01.06.2021;15;13;Поступление;180;60
264;01.06.2021;15;13;Продажа;120;60
265;01.06.2021;15;18;Поступление;180;49
266;01.06.2021;15;18;Продажа;80;49
267;01.06.2021;15;24;Поступление;170;50
268;01.06.2021;15;24;Продажа;159;50
269;01.06.2021;15;25;Поступление;180;52
270;01.06.2021;15;25;Продажа;159;52
271;01.06.2021;15;26;Поступление;180;47
272;01.06.2021;15;26;Продажа;159;47
273;01.06.2021;15;27;Поступление;170;45
274;01.06.2021;15;27;Продажа;159;45
275;01.06.2021;15;28;Поступление;180;38
276;01.06.2021;15;28;Продажа;133;38
277;01.06.2021;15;29;Поступление;180;85
278;01.06.2021;15;29;Продажа;27;85
279;01.06.2021;15;30;Поступление;180;44
280;01.06.2021;15;30;Продажа;106;44
281;01.06.2021;15;33;Поступление;180;50
282;01.06.2021;15;33;Продажа;106;50
283;01.06.2021;15;34;Поступление;170;65
284;01.06.2021;15;34;Продажа;53;65
285;01.06.2021;15;44;Поступление;180;180
286;01.06.2021;15;44;Продажа;80;180
287;01.06.2021;15;45;Поступление;180;170
288;01.06.2021;15;45;Продажа;53;170
289;01.06.2021;15;46;Поступление;170;330
290;01.06.2021;15;46;Продажа;106;330
291;01.06.2021;15;47;Поступление;180;370
292;01.06.2021;15;47;Продажа;32;370
293;01.06.2021;15;48;Поступление;180;180
294;01.06.2021;15;48;Продажа;80;180
295;01.06.2021;16;4;Поступление;180;75
296;01.06.2021;16;4;Продажа;180;75
297;01.06.2021;16;5;Поступление;180;70
298;01.06.2021;16;5;Продажа;120;70
299;01.06.2021;16;6;Поступление;170;50
300;01.06.2021;16;6;Продажа;80;50
301;01.06.2021;16;9;Поступление;180;55
302;01.06.2021;16;9;Продажа;150;55
303;01.06.2021;16;10;Поступление;180;70
304;01.06.2021;16;10;Продажа;90;70
305;01.06.2021;16;13;Поступление;170;60
306;01.06.2021;16;13;Продажа;100;60
307;01.06.2021;16;18;Поступление;180;49
308;01.06.2021;16;18;Продажа;60;49
309;01.06.2021;16;24;Поступление;180;50
310;01.06.2021;16;24;Продажа;120;50
311;01.06.2021;16;25;Поступление;180;52
312;01.06.2021;16;25;Продажа;120;52
313;01.06.2021;16;26;Поступление;180;47
314;01.06.2021;16;26;Продажа;120;47
315;01.06.2021;16;27;Поступление;170;45
316;01.06.2021;16;27;Продажа;120;45
317;01.06.2021;16;28;Поступление;180;38
318;01.06.2021;16;28;Продажа;100;38
319;01.06.2021;16;29;Поступление;180;85
320;01.06.2021;16;29;Продажа;20;85
321;01.06.2021;16;30;Поступление;170;44
322;01.06.2021;16;30;Продажа;80;44
323;01.06.2021;16;33;Поступление;180;50
324;01.06.2021;16;33;Продажа;80;50
325;01.06.2021;16;34;Поступление;180;65
326;01.06.2021;16;34;Продажа;40;65
327;01.06.2021;16;44;Поступление;180;180
328;01.06.2021;16;44;Продажа;60;180
329;01.06.2021;16;45;Поступление;180;170
330;01.06.2021;16;45;Продажа;40;170
331;01.06.2021;16;46;Поступление;170;330
332;01.06.2021;16;46;Продажа;80;330
333;01.06.2021;16;47;Поступление;180;370
334;01.06.2021;16;47;Продажа;24;370
335;01.06.2021;16;48;Поступление;180;180
336;01.06.2021;16;48;Продажа;60;180
337;01.06.2021;2;4;Поступление;170;75
338;01.06.2021;2;4;Продажа;180;75
339;01.06.2021;2;5;Поступление;180;70
340;01.06.2021;2;5;Продажа;120;70
341;01.06.2021;2;6;Поступление;180;50
342;01.06.2021;2;6;Продажа;90;50
343;01.06.2021;2;9;Поступление;180;55
344;01.06.2021;2;9;Продажа;140;55
345;01.06.2021;2;10;Поступление;180;70
346;01.06.2021;2;10;Продажа;90;70
347;01.06.2021;2;13;Поступление;170;60
348;01.06.2021;2;13;Продажа;100;60
349;01.06.2021;2;18;Поступление;180;49
350;01.06.2021;2;18;Продажа;60;49
351;01.06.2021;2;24;Поступление;180;50
352;01.06.2021;2;24;Продажа;120;50
353;01.06.2021;2;25;Поступление;170;52
354;01.06.2021;2;25;Продажа;120;52
355;01.06.2021;2;26;Поступление;180;47
356;01.06.2021;2;26;Продажа;120;47
357;01.06.2021;2;27;Поступление;180;45
358;01.06.2021;2;27;Продажа;120;45
359;01.06.2021;2;28;Поступление;180;38
360;01.06.2021;2;28;Продажа;100;38
361;01.06.2021;2;29;Поступление;180;85
362;01.06.2021;2;29;Продажа;20;85
363;01.06.2021;2;30;Поступление;170;44
364;01.06.2021;2;30;Продажа;80;44
365;01.06.2021;2;33;Поступление;180;50
366;01.06.2021;2;33;Продажа;80;50
367;01.06.2021;2;34;Поступление;180;65
368;01.06.2021;2;34;Продажа;40;65
369;01.06.2021;2;44;Поступление;170;180
370;01.06.2021;2;44;Продажа;60;180
371;01.06.2021;2;45;Поступление;180;170
372;01.06.2021;2;45;Продажа;40;170
373;01.06.2021;2;46;Поступление;180;330
374;01.06.2021;2;46;Продажа;80;330
375;01.06.2021;2;47;Поступление;180;370
376;01.06.2021;2;47;Продажа;24;370
377;01.06.2021;2;48;Поступление;180;180
378;01.06.2021;2;48;Продажа;60;180
379;01.06.2021;3;4;Поступление;170;75
380;01.06.2021;3;4;Продажа;120;75
381;01.06.2021;3;5;Поступление;180;70
382;01.06.2021;3;5;Продажа;60;70
383;01.06.2021;3;6;Поступление;180;50
384;01.06.2021;3;6;Продажа;70;50
385;01.06.2021;3;9;Поступление;170;55
386;01.06.2021;3;9;Продажа;90;55
387;01.06.2021;3;10;Поступление;180;70
388;01.06.2021;3;10;Продажа;90;70
389;01.06.2021;3;13;Поступление;180;60
390;01.06.2021;3;13;Продажа;80;60
391;01.06.2021;3;18;Поступление;180;49
392;01.06.2021;3;18;Продажа;59;49
393;01.06.2021;3;24;Поступление;180;50
394;01.06.2021;3;24;Продажа;111;50
395;01.06.2021;3;25;Поступление;170;52
396;01.06.2021;3;25;Продажа;119;52
397;01.06.2021;3;26;Поступление;180;47
398;01.06.2021;3;26;Продажа;105;47
399;01.06.2021;3;27;Поступление;180;45
400;01.06.2021;3;27;Продажа;114;45
401;01.06.2021;3;28;Поступление;170;38
402;01.06.2021;3;28;Продажа;93;38
403;01.06.2021;3;29;Поступление;180;85
404;01.06.2021;3;29;Продажа;19;85
405;01.06.2021;3;30;Поступление;180;44
406;01.06.2021;3;30;Продажа;74;44
407;01.06.2021;3;33;Поступление;180;50
408;01.06.2021;3;33;Продажа;74;50
409;01.06.2021;3;34;Поступление;180;65
410;01.06.2021;3;34;Продажа;37;65
411;01.06.2021;3;44;Поступление;170;180
412;01.06.2021;3;44;Продажа;56;180
413;01.06.2021;3;45;Поступление;180;170
414;01.06.2021;3;45;Продажа;37;170
415;01.06.2021;3;46;Поступление;180;330
416;01.06.2021;3;46;Продажа;74;330
417;01.06.2021;3;47;Поступление;170;370
418;01.06.2021;3;47;Продажа;23;370
419;01.06.2021;3;48;Поступление;180;180
420;01.06.2021;3;48;Продажа;61;180
421;01.06.2021;4;4;Поступление;180;75
422;01.06.2021;4;4;Продажа;180;75
423;01.06.2021;4;5;Поступление;180;70
424;01.06.2021;4;5;Продажа;120;70
425;01.06.2021;4;6;Поступление;180;50
426;01.06.2021;4;6;Продажа;90;50
427;01.06.2021;4;9;Поступление;170;55
428;01.06.2021;4;9;Продажа;150;55
429;01.06.2021;4;10;Поступление;180;70
430;01.06.2021;4;10;Продажа;80;70
431;01.06.2021;4;13;Поступление;180;60
432;01.06.2021;4;13;Продажа;100;60
433;01.06.2021;4;18;Поступление;170;49
434;01.06.2021;4;18;Продажа;60;49
435;01.06.2021;4;24;Поступление;180;50
436;01.06.2021;4;24;Продажа;120;50
437;01.06.2021;4;25;Поступление;180;52
438;01.06.2021;4;25;Продажа;120;52
439;01.06.2021;4;26;Поступление;180;47
440;01.06.2021;4;26;Продажа;120;47
441;01.06.2021;4;27;Поступление;180;45
442;01.06.2021;4;27;Продажа;120;45
443;01.06.2021;4;28;Поступление;170;38
444;01.06.2021;4;28;Продажа;100;38
445;01.06.2021;4;29;Поступление;180;85
446;01.06.2021;4;29;Продажа;20;85
447;01.06.2021;4;30;Поступление;180;44
448;01.06.2021;4;30;Продажа;80;44
449;01.06.2021;4;33;Поступление;170;50
450;01.06.2021;4;33;Продажа;80;50
451;01.06.2021;4;34;Поступление;180;65
452;01.06.2021;4;34;Продажа;40;65
453;01.06.2021;4;44;Поступление;180;180
454;01.06.2021;4;44;Продажа;60;180
455;01.06.2021;4;45;Поступление;180;170
456;01.06.2021;4;45;Продажа;40;170
457;01.06.2021;4;46;Поступление;180;330
458;01.06.2021;4;46;Продажа;80;330
459;01.06.2021;4;47;Поступление;170;370
460;01.06.2021;4;47;Продажа;24;370
461;01.06.2021;4;48;Поступление;180;180
462;01.06.2021;4;48;Продажа;60;180
463;01.06.2021;5;4;Поступление;180;75
464;01.06.2021;5;4;Продажа;180;75
465;01.06.2021;5;5;Поступление;170;70
466;01.06.2021;5;5;Продажа;180;70
467;01.06.2021;5;6;Поступление;180;50
468;01.06.2021;5;6;Продажа;180;50
469;01.06.2021;5;9;Поступление;180;55
470;01.06.2021;5;9;Продажа;150;55
471;01.06.2021;5;10;Поступление;180;70
472;01.06.2021;5;10;Продажа;138;70
473;01.06.2021;5;13;Поступление;180;60
474;01.06.2021;5;13;Продажа;120;60
475;01.06.2021;5;18;Поступление;170;49
476;01.06.2021;5;18;Продажа;80;49
477;01.06.2021;5;24;Поступление;180;50
478;01.06.2021;5;24;Продажа;159;50
479;01.06.2021;5;25;Поступление;180;52
480;01.06.2021;5;25;Продажа;159;52
481;01.06.2021;5;26;Поступление;170;47
482;01.06.2021;5;26;Продажа;159;47
483;01.06.2021;5;27;Поступление;180;45
484;01.06.2021;5;27;Продажа;159;45
485;01.06.2021;5;28;Поступление;180;38
486;01.06.2021;5;28;Продажа;133;38
487;01.06.2021;5;29;Поступление;180;85
488;01.06.2021;5;29;Продажа;27;85
489;01.06.2021;5;30;Поступление;180;44
490;01.06.2021;5;30;Продажа;106;44
491;01.06.2021;5;33;Поступление;170;50
492;01.06.2021;5;33;Продажа;106;50
493;01.06.2021;5;34;Поступление;180;65
494;01.06.2021;5;34;Продажа;53;65
495;01.06.2021;5;44;Поступление;180;180
496;01.06.2021;5;44;Продажа;80;180
497;01.06.2021;5;45;Поступление;170;170
498;01.06.2021;5;45;Продажа;53;170
499;01.06.2021;5;46;Поступление;180;330
500;01.06.2021;5;46;Продажа;106;330
501;01.06.2021;5;47;Поступление;180;370
502;01.06.2021;5;47;Продажа;32;370
503;01.06.2021;5;48;Поступление;180;180
504;01.06.2021;5;48;Продажа;80;180
505;01.06.2021;6;4;Поступление;180;75
506;01.06.2021;6;4;Продажа;180;75
507;01.06.2021;6;5;Поступление;170;70
508;01.06.2021;6;5;Продажа;180;70
509;01.06.2021;6;6;Поступление;180;50
510;01.06.2021;6;6;Продажа;180;50
511;01.06.2021;6;9;Поступление;180;55
512;01.06.2021;6;9;Продажа;150;55
513;01.06.2021;6;10;Поступление;170;70
514;01.06.2021;6;10;Продажа;150;70
515;01.06.2021;6;13;Поступление;180;60
516;01.06.2021;6;13;Продажа;115;60
517;01.06.2021;6;18;Поступление;180;49
518;01.06.2021;6;18;Продажа;80;49
519;01.06.2021;6;24;Поступление;180;50
520;01.06.2021;6;24;Продажа;159;50
521;01.06.2021;6;25;Поступление;180;52
522;01.06.2021;6;25;Продажа;159;52
523;01.06.2021;6;26;Поступление;170;47
524;01.06.2021;6;26;Продажа;159;47
525;01.06.2021;6;27;Поступление;180;45
526;01.06.2021;6;27;Продажа;159;45
527;01.06.2021;6;28;Поступление;180;38
528;01.06.2021;6;28;Продажа;133;38
529;01.06.2021;6;29;Поступление;170;85
530;01.06.2021;6;29;Продажа;27;85
531;01.06.2021;6;30;Поступление;180;44
532;01.06.2021;6;30;Продажа;106;44
533;01.06.2021;6;33;Поступление;180;50
534;01.06.2021;6;33;Продажа;106;50
535;01.06.2021;6;34;Поступление;180;65
536;01.06.2021;6;34;Продажа;53;65
537;01.06.2021;6;44;Поступление;180;180
538;01.06.2021;6;44;Продажа;80;180
539;01.06.2021;6;45;Поступление;170;170
540;01.06.2021;6;45;Продажа;53;170
541;01.06.2021;6;46;Поступление;180;330
542;01.06.2021;6;46;Продажа;106;330
543;01.06.2021;6;47;Поступление;180;370
544;01.06.2021;6;47;Продажа;32;370
545;01.06.2021;6;48;Поступление;170;180
546;01.06.2021;6;48;Продажа;80;180
547;01.06.2021;7;4;Поступление;180;75
548;01.06.2021;7;4;Продажа;180;75
549;01.06.2021;7;5;Поступление;180;70
550;01.06.2021;7;5;Продажа;120;70
551;01.06.2021;7;6;Поступление;180;50
552;01.06.2021;7;6;Продажа;90;50
553;01.06.2021;7;9;Поступление;180;55
554;01.06.2021;7;9;Продажа;150;55
555;01.06.2021;7;10;Поступление;170;70
556;01.06.2021;7;10;Продажа;90;70
557;01.06.2021;7;13;Поступление;180;60
558;01.06.2021;7;13;Продажа;90;60
559;01.06.2021;7;18;Поступление;180;49
560;01.06.2021;7;18;Продажа;60;49
561;01.06.2021;7;24;Поступление;170;50
562;01.06.2021;7;24;Продажа;120;50
563;01.06.2021;7;25;Поступление;180;52
564;01.06.2021;7;25;Продажа;120;52
565;01.06.2021;7;26;Поступление;180;47
566;01.06.2021;7;26;Продажа;120;47
567;01.06.2021;7;27;Поступление;180;45
568;01.06.2021;7;27;Продажа;120;45
569;01.06.2021;7;28;Поступление;180;38
570;01.06.2021;7;28;Продажа;100;38
571;01.06.2021;7;29;Поступление;170;85
572;01.06.2021;7;29;Продажа;20;85
573;01.06.2021;7;30;Поступление;180;44
574;01.06.2021;7;30;Продажа;80;44
575;01.06.2021;7;33;Поступление;180;50
576;01.06.2021;7;33;Продажа;80;50
577;01.06.2021;7;34;Поступление;170;65
578;01.06.2021;7;34;Продажа;40;65
579;01.06.2021;7;44;Поступление;180;180
580;01.06.2021;7;44;Продажа;60;180
581;01.06.2021;7;45;Поступление;180;170
582;01.06.2021;7;45;Продажа;40;170
583;01.06.2021;7;46;Поступление;180;330
584;01.06.2021;7;46;Продажа;80;330
585;01.06.2021;7;47;Поступление;180;370
586;01.06.2021;7;47;Продажа;24;370
587;01.06.2021;7;48;Поступление;170;180
588;01.06.2021;7;48;Продажа;60;180
589;01.06.2021;8;4;Поступление;180;75
590;01.06.2021;8;4;Продажа;170;75
591;01.06.2021;8;5;Поступление;180;70
592;01.06.2021;8;5;Продажа;120;70
593;01.06.2021;8;6;Поступление;170;50
594;01.06.2021;8;6;Продажа;90;50
595;01.06.2021;8;9;Поступление;180;55
596;01.06.2021;8;9;Продажа;150;55
597;01.06.2021;8;10;Поступление;180;70
598;01.06.2021;8;10;Продажа;90;70
599;01.06.2021;8;13;Поступление;180;60
600;01.06.2021;8;13;Продажа;100;60
601;01.06.2021;8;18;Поступление;180;49
602;01.06.2021;8;18;Продажа;60;49
603;01.06.2021;8;24;Поступление;170;50
604;01.06.2021;8;24;Продажа;120;50
605;01.06.2021;8;25;Поступление;180;52
606;01.06.2021;8;25;Продажа;120;52
607;01.06.2021;8;26;Поступление;180;47
608;01.06.2021;8;26;Продажа;120;47
609;01.06.2021;8;27;Поступление;170;45
610;01.06.2021;8;27;Продажа;120;45
611;01.06.2021;8;28;Поступление;180;38
612;01.06.2021;8;28;Продажа;100;38
613;01.06.2021;8;29;Поступление;180;85
614;01.06.2021;8;29;Продажа;20;85
615;01.06.2021;8;30;Поступление;180;44
616;01.06.2021;8;30;Продажа;80;44
617;01.06.2021;8;33;Поступление;180;50
618;01.06.2021;8;33;Продажа;80;50
619;01.06.2021;8;34;Поступление;170;65
620;01.06.2021;8;34;Продажа;40;65
621;01.06.2021;8;44;Поступление;180;180
622;01.06.2021;8;44;Продажа;60;180
623;01.06.2021;8;45;Поступление;180;170
624;01.06.2021;8;45;Продажа;40;170
625;01.06.2021;8;46;Поступление;170;330
626;01.06.2021;8;46;Продажа;80;330
627;01.06.2021;8;47;Поступление;180;370
628;01.06.2021;8;47;Продажа;24;370
629;01.06.2021;8;48;Поступление;180;180
630;01.06.2021;8;48;Продажа;60;180
631;01.06.2021;9;4;Поступление;180;75
632;01.06.2021;9;4;Продажа;120;75
633;01.06.2021;9;5;Поступление;180;70
634;01.06.2021;9;5;Продажа;60;70
635;01.06.2021;9;6;Поступление;170;50
636;01.06.2021;9;6;Продажа;72;50
637;01.06.2021;9;9;Поступление;180;55
638;01.06.2021;9;9;Продажа;87;55
639;01.06.2021;9;10;Поступление;180;70
640;01.06.2021;9;10;Продажа;90;70
641;01.06.2021;9;13;Поступление;170;60
642;01.06.2021;9;13;Продажа;80;60
643;01.06.2021;9;18;Поступление;180;49
644;01.06.2021;9;18;Продажа;56;49
645;01.06.2021;9;24;Поступление;180;50
646;01.06.2021;9;24;Продажа;103;50
647;01.06.2021;9;25;Поступление;180;52
648;01.06.2021;9;25;Продажа;111;52
649;01.06.2021;9;26;Поступление;180;47
650;01.06.2021;9;26;Продажа;124;47
651;01.06.2021;9;27;Поступление;170;45
652;01.06.2021;9;27;Продажа;103;45
653;01.06.2021;9;28;Поступление;180;38
654;01.06.2021;9;28;Продажа;93;38
655;01.06.2021;9;29;Поступление;180;85
656;01.06.2021;9;29;Продажа;19;85
657;01.06.2021;9;30;Поступление;170;44
658;01.06.2021;9;30;Продажа;74;44
659;01.06.2021;9;33;Поступление;180;50
660;01.06.2021;9;33;Продажа;74;50
661;01.06.2021;9;34;Поступление;180;65
662;01.06.2021;9;34;Продажа;37;65
663;01.06.2021;9;44;Поступление;180;180
664;01.06.2021;9;44;Продажа;56;180
665;01.06.2021;9;45;Поступление;180;170
666;01.06.2021;9;45;Продажа;37;170
667;01.06.2021;9;46;Поступление;170;330
668;01.06.2021;9;46;Продажа;74;330
669;01.06.2021;9;47;Поступление;180;370
670;01.06.2021;9;47;Продажа;23;370
671;01.06.2021;9;48;Поступление;180;180
672;01.06.2021;9;48;Продажа;56;180
673;02.06.2021;1;1;Поступление;170;57
674;02.06.2021;1;1;Продажа;192;57
675;02.06.2021;1;3;Поступление;180;35
676;02.06.2021;1;3;Продажа;192;35
677;02.06.2021;1;7;Поступление;180;38
678;02.06.2021;1;7;Продажа;80;38
679;02.06.2021;1;8;Поступление;180;220
680;02.06.2021;1;8;Продажа;48;220
681;02.06.2021;1;14;Поступление;180;30
682;02.06.2021;1;14;Продажа;240;30
683;02.06.2021;1;16;Поступление;170;90
684;02.06.2021;1;16;Продажа;240;90
685;02.06.2021;10;1;Поступление;180;57
686;02.06.2021;10;1;Продажа;192;57
687;02.06.2021;10;3;Поступление;180;35
688;02.06.2021;10;3;Продажа;192;35
689;02.06.2021;10;7;Поступление;170;38
690;02.06.2021;10;7;Продажа;80;38
691;02.06.2021;10;8;Поступление;180;220
692;02.06.2021;10;8;Продажа;48;220
693;02.06.2021;10;14;Поступление;180;30
694;02.06.2021;10;14;Продажа;250;30
695;02.06.2021;10;16;Поступление;180;90
696;02.06.2021;10;16;Продажа;240;90
697;02.06.2021;11;1;Поступление;180;57
698;02.06.2021;11;1;Продажа;96;57
699;02.06.2021;11;3;Поступление;170;35
700;02.06.2021;11;3;Продажа;128;35
701;02.06.2021;11;7;Поступление;180;38
702;02.06.2021;11;7;Продажа;48;38
703;02.06.2021;11;8;Поступление;180;220
704;02.06.2021;11;8;Продажа;29;220
705;02.06.2021;11;14;Поступление;170;30
706;02.06.2021;11;14;Продажа;120;30
707;02.06.2021;11;16;Поступление;180;90
708;02.06.2021;11;16;Продажа;160;90
709;02.06.2021;12;1;Поступление;180;57
710;02.06.2021;12;1;Продажа;144;57
711;02.06.2021;12;3;Поступление;180;35
712;02.06.2021;12;3;Продажа;160;35
713;02.06.2021;12;7;Поступление;180;38
714;02.06.2021;12;7;Продажа;80;38
715;02.06.2021;12;8;Поступление;170;220
716;02.06.2021;12;8;Продажа;39;220
717;02.06.2021;12;14;Поступление;180;30
718;02.06.2021;12;14;Продажа;200;30
719;02.06.2021;12;16;Поступление;180;90
720;02.06.2021;12;16;Продажа;160;90
721;02.06.2021;13;1;Поступление;170;57
722;02.06.2021;13;1;Продажа;144;57
723;02.06.2021;13;3;Поступление;180;35
724;02.06.2021;13;3;Продажа;160;35
725;02.06.2021;13;7;Поступление;180;38
726;02.06.2021;13;7;Продажа;80;38
727;02.06.2021;13;8;Поступление;180;220
728;02.06.2021;13;8;Продажа;39;220
729;02.06.2021;13;14;Поступление;180;30
730;02.06.2021;13;14;Продажа;200;30
731;02.06.2021;13;16;Поступление;170;90
732;02.06.2021;13;16;Продажа;160;90
733;02.06.2021;14;1;Поступление;180;57
734;02.06.2021;14;1;Продажа;96;57
735;02.06.2021;14;3;Поступление;180;35
736;02.06.2021;14;3;Продажа;128;35
737;02.06.2021;14;7;Поступление;170;38
738;02.06.2021;14;7;Продажа;48;38
739;02.06.2021;14;8;Поступление;180;220
740;02.06.2021;14;8;Продажа;29;220
741;02.06.2021;14;14;Поступление;180;30
742;02.06.2021;14;14;Продажа;120;30
743;02.06.2021;14;16;Поступление;180;90
744;02.06.2021;14;16;Продажа;160;90
745;02.06.2021;15;1;Поступление;180;57
746;02.06.2021;15;1;Продажа;192;57
747;02.06.2021;15;3;Поступление;170;35
748;02.06.2021;15;3;Продажа;192;35
749;02.06.2021;15;7;Поступление;180;38
750;02.06.2021;15;7;Продажа;80;38
751;02.06.2021;15;8;Поступление;180;220
752;02.06.2021;15;8;Продажа;48;220
753;02.06.2021;15;14;Поступление;170;30
754;02.06.2021;15;14;Продажа;240;30
755;02.06.2021;15;16;Поступление;180;90
756;02.06.2021;15;16;Продажа;230;90
757;02.06.2021;16;1;Поступление;180;57
758;02.06.2021;16;1;Продажа;144;57
759;02.06.2021;16;3;Поступление;180;35
760;02.06.2021;16;3;Продажа;160;35
761;02.06.2021;16;7;Поступление;180;38
762;02.06.2021;16;7;Продажа;80;38
763;02.06.2021;16;8;Поступление;170;220
764;02.06.2021;16;8;Продажа;39;220
765;02.06.2021;16;14;Поступление;180;30
766;02.06.2021;16;14;Продажа;200;30
767;02.06.2021;16;16;Поступление;180;90
768;02.06.2021;16;16;Продажа;160;90
769;02.06.2021;2;1;Поступление;170;57
770;02.06.2021;2;1;Продажа;144;57
771;02.06.2021;2;3;Поступление;180;35
772;02.06.2021;2;3;Продажа;160;35
773;02.06.2021;2;7;Поступление;180;38
774;02.06.2021;2;7;Продажа;80;38
775;02.06.2021;2;8;Поступление;180;220
776;02.06.2021;2;8;Продажа;39;220
777;02.06.2021;2;14;Поступление;180;30
778;02.06.2021;2;14;Продажа;200;30
779;02.06.2021;2;16;Поступление;170;90
780;02.06.2021;2;16;Продажа;160;90
781;02.06.2021;3;1;Поступление;180;57
782;02.06.2021;3;1;Продажа;96;57
783;02.06.2021;3;3;Поступление;180;35
784;02.06.2021;3;3;Продажа;128;35
785;02.06.2021;3;7;Поступление;170;38
786;02.06.2021;3;7;Продажа;48;38
787;02.06.2021;3;8;Поступление;180;220
788;02.06.2021;3;8;Продажа;29;220
789;02.06.2021;3;14;Поступление;180;30
790;02.06.2021;3;14;Продажа;120;30
791;02.06.2021;3;16;Поступление;180;90
792;02.06.2021;3;16;Продажа;160;90
793;02.06.2021;4;1;Поступление;180;57
794;02.06.2021;4;1;Продажа;144;57
795;02.06.2021;4;3;Поступление;170;35
796;02.06.2021;4;3;Продажа;160;35
797;02.06.2021;4;7;Поступление;180;38
798;02.06.2021;4;7;Продажа;80;38
799;02.06.2021;4;8;Поступление;180;220
800;02.06.2021;4;8;Продажа;39;220
801;02.06.2021;4;14;Поступление;170;30
802;02.06.2021;4;14;Продажа;200;30
803;02.06.2021;4;16;Поступление;180;90
804;02.06.2021;4;16;Продажа;160;90
805;02.06.2021;5;1;Поступление;180;57
806;02.06.2021;5;1;Продажа;192;57
807;02.06.2021;5;3;Поступление;180;35
808;02.06.2021;5;3;Продажа;192;35
809;02.06.2021;5;7;Поступление;180;38
810;02.06.2021;5;7;Продажа;80;38
811;02.06.2021;5;8;Поступление;170;220
812;02.06.2021;5;8;Продажа;48;220
813;02.06.2021;5;14;Поступление;180;30
814;02.06.2021;5;14;Продажа;242;30
815;02.06.2021;5;16;Поступление;180;90
816;02.06.2021;5;16;Продажа;240;90
817;02.06.2021;6;1;Поступление;170;57
818;02.06.2021;6;1;Продажа;192;57
819;02.06.2021;6;3;Поступление;180;35
820;02.06.2021;6;3;Продажа;192;35
821;02.06.2021;6;7;Поступление;180;38
822;02.06.2021;6;7;Продажа;80;38
823;02.06.2021;6;8;Поступление;180;220
824;02.06.2021;6;8;Продажа;48;220
825;02.06.2021;6;14;Поступление;180;30
826;02.06.2021;6;14;Продажа;240;30
827;02.06.2021;6;16;Поступление;170;90
828;02.06.2021;6;16;Продажа;238;90
829;02.06.2021;7;1;Поступление;180;57
830;02.06.2021;7;1;Продажа;144;57
831;02.06.2021;7;3;Поступление;180;35
832;02.06.2021;7;3;Продажа;160;35
833;02.06.2021;7;7;Поступление;170;38
834;02.06.2021;7;7;Продажа;80;38
835;02.06.2021;7;8;Поступление;180;220
836;02.06.2021;7;8;Продажа;39;220
837;02.06.2021;7;14;Поступление;180;30
838;02.06.2021;7;14;Продажа;200;30
839;02.06.2021;7;16;Поступление;180;90
840;02.06.2021;7;16;Продажа;160;90
841;02.06.2021;8;1;Поступление;180;57
842;02.06.2021;8;1;Продажа;144;57
843;02.06.2021;8;3;Поступление;170;35
844;02.06.2021;8;3;Продажа;160;35
845;02.06.2021;8;7;Поступление;180;38
846;02.06.2021;8;7;Продажа;80;38
847;02.06.2021;8;8;Поступление;180;220
848;02.06.2021;8;8;Продажа;39;220
849;02.06.2021;8;14;Поступление;170;30
850;02.06.2021;8;14;Продажа;200;30
851;02.06.2021;8;16;Поступление;180;90
852;02.06.2021;8;16;Продажа;160;90
853;02.06.2021;9;1;Поступление;180;57
854;02.06.2021;9;1;Продажа;96;57
855;02.06.2021;9;3;Поступление;180;35
856;02.06.2021;9;3;Продажа;128;35
857;02.06.2021;9;7;Поступление;180;38
858;02.06.2021;9;7;Продажа;48;38
859;02.06.2021;9;8;Поступление;170;220
860;02.06.2021;9;8;Продажа;29;220
861;02.06.2021;9;14;Поступление;180;30
862;02.06.2021;9;14;Продажа;120;30
863;02.06.2021;9;16;Поступление;180;90
864;02.06.2021;9;16;Продажа;160;90
865;03.06.2021;1;17;Поступление;170;95
866;03.06.2021;1;17;Продажа;85;95
867;03.06.2021;1;19;Поступление;180;90
868;03.06.2021;1;19;Продажа;50;90
869;03.06.2021;1;20;Поступление;180;80
870;03.06.2021;1;20;Продажа;35;80
871;03.06.2021;1;21;Поступление;180;105
872;03.06.2021;1;21;Продажа;95;105
873;03.06.2021;1;22;Поступление;180;115
874;03.06.2021;1;22;Продажа;98;115
875;03.06.2021;1;23;Поступление;170;120
876;03.06.2021;1;23;Продажа;47;120
877;03.06.2021;1;35;Поступление;180;55
878;03.06.2021;1;35;Продажа;34;55
879;03.06.2021;1;37;Поступление;180;50
880;03.06.2021;1;37;Продажа;85;50
881;03.06.2021;1;38;Поступление;170;70
882;03.06.2021;1;38;Продажа;100;70
883;03.06.2021;1;39;Поступление;180;95
884;03.06.2021;1;39;Продажа;144;95
885;03.06.2021;1;40;Поступление;180;15
886;03.06.2021;1;40;Продажа;23;15
887;03.06.2021;1;41;Поступление;180;35
888;03.06.2021;1;41;Продажа;44;35
889;03.06.2021;1;42;Поступление;180;90
890;03.06.2021;1;42;Продажа;35;90
891;03.06.2021;1;43;Поступление;170;40
892;03.06.2021;1;43;Продажа;24;40
893;03.06.2021;10;17;Поступление;180;95
894;03.06.2021;10;17;Продажа;91;95
895;03.06.2021;10;19;Поступление;180;90
896;03.06.2021;10;19;Продажа;51;90
897;03.06.2021;10;20;Поступление;170;80
898;03.06.2021;10;20;Продажа;48;80
899;03.06.2021;10;21;Поступление;180;105
900;03.06.2021;10;21;Продажа;84;105
901;03.06.2021;10;22;Поступление;180;115
902;03.06.2021;10;22;Продажа;96;115
903;03.06.2021;10;23;Поступление;180;120
904;03.06.2021;10;23;Продажа;47;120
905;03.06.2021;10;35;Поступление;180;55
906;03.06.2021;10;35;Продажа;34;55
907;03.06.2021;10;37;Поступление;170;50
908;03.06.2021;10;37;Продажа;120;50
909;03.06.2021;10;38;Поступление;180;70
910;03.06.2021;10;38;Продажа;114;70
911;03.06.2021;10;39;Поступление;180;95
912;03.06.2021;10;39;Продажа;135;95
913;03.06.2021;10;40;Поступление;170;15
914;03.06.2021;10;40;Продажа;20;15
915;03.06.2021;10;41;Поступление;180;35
916;03.06.2021;10;41;Продажа;42;35
917;03.06.2021;10;42;Поступление;180;90
918;03.06.2021;10;42;Продажа;26;90
919;03.06.2021;10;43;Поступление;180;40
920;03.06.2021;10;43;Продажа;28;40
921;03.06.2021;11;17;Поступление;180;95
922;03.06.2021;11;17;Продажа;71;95
923;03.06.2021;11;19;Поступление;170;90
924;03.06.2021;11;19;Продажа;42;90
925;03.06.2021;11;20;Поступление;180;80
926;03.06.2021;11;20;Продажа;52;80
927;03.06.2021;11;21;Поступление;180;105
928;03.06.2021;11;21;Продажа;64;105
929;03.06.2021;11;22;Поступление;170;115
930;03.06.2021;11;22;Продажа;57;115
931;03.06.2021;11;23;Поступление;180;120
932;03.06.2021;11;23;Продажа;14;120
933;03.06.2021;11;35;Поступление;180;55
934;03.06.2021;11;35;Продажа;55;55
935;03.06.2021;11;37;Поступление;180;50
936;03.06.2021;11;37;Продажа;138;50
937;03.06.2021;11;38;Поступление;180;70
938;03.06.2021;11;38;Продажа;115;70
939;03.06.2021;11;39;Поступление;170;95
940;03.06.2021;11;39;Продажа;107;95
941;03.06.2021;11;40;Поступление;180;15
942;03.06.2021;11;40;Продажа;45;15
943;03.06.2021;11;41;Поступление;180;35
944;03.06.2021;11;41;Продажа;12;35
945;03.06.2021;11;42;Поступление;170;90
946;03.06.2021;11;42;Продажа;18;90
947;03.06.2021;11;43;Поступление;180;40
948;03.06.2021;11;43;Продажа;21;40
949;03.06.2021;12;17;Поступление;180;95
950;03.06.2021;12;17;Продажа;88;95
951;03.06.2021;12;19;Поступление;180;90
952;03.06.2021;12;19;Продажа;57;90
953;03.06.2021;12;20;Поступление;180;80
954;03.06.2021;12;20;Продажа;58;80
955;03.06.2021;12;21;Поступление;170;105
956;03.06.2021;12;21;Продажа;95;105
957;03.06.2021;12;22;Поступление;180;115
958;03.06.2021;12;22;Продажа;82;115
959;03.06.2021;12;23;Поступление;180;120
960;03.06.2021;12;23;Продажа;30;120
961;03.06.2021;12;35;Поступление;170;55
962;03.06.2021;12;35;Продажа;52;55
963;03.06.2021;12;37;Поступление;180;50
964;03.06.2021;12;37;Продажа;127;50
965;03.06.2021;12;38;Поступление;180;70
966;03.06.2021;12;38;Продажа;115;70
967;03.06.2021;12;39;Поступление;180;95
968;03.06.2021;12;39;Продажа;149;95
969;03.06.2021;12;40;Поступление;180;15
970;03.06.2021;12;40;Продажа;37;15
971;03.06.2021;12;41;Поступление;170;35
972;03.06.2021;12;41;Продажа;30;35
973;03.06.2021;12;42;Поступление;180;90
974;03.06.2021;12;42;Продажа;20;90
975;03.06.2021;12;43;Поступление;180;40
976;03.06.2021;12;43;Продажа;22;40
977;03.06.2021;13;17;Поступление;170;95
978;03.06.2021;13;17;Продажа;85;95
979;03.06.2021;13;19;Поступление;180;90
980;03.06.2021;13;19;Продажа;50;90
981;03.06.2021;13;20;Поступление;180;80
982;03.06.2021;13;20;Продажа;55;80
983;03.06.2021;13;21;Поступление;180;105
984;03.06.2021;13;21;Продажа;60;105
985;03.06.2021;13;22;Поступление;180;115
986;03.06.2021;13;22;Продажа;75;115
987;03.06.2021;13;23;Поступление;170;120
988;03.06.2021;13;23;Продажа;35;120
989;03.06.2021;13;35;Поступление;180;55
990;03.06.2021;13;35;Продажа;56;55
991;03.06.2021;13;37;Поступление;180;50
992;03.06.2021;13;37;Продажа;120;50
993;03.06.2021;13;38;Поступление;170;70
994;03.06.2021;13;38;Продажа;110;70
995;03.06.2021;13;39;Поступление;180;95
996;03.06.2021;13;39;Продажа;155;95
997;03.06.2021;13;40;Поступление;180;15
998;03.06.2021;13;40;Продажа;30;15
999;03.06.2021;13;41;Поступление;180;35
1000;03.06.2021;13;41;Продажа;20;35
1001;03.06.2021;13;42;Поступление;180;90
1002;03.06.2021;13;42;Продажа;21;90
1003;03.06.2021;13;43;Поступление;170;40
1004;03.06.2021;13;43;Продажа;18;40
1005;03.06.2021;14;17;Поступление;180;95
1006;03.06.2021;14;17;Продажа;82;95
1007;03.06.2021;14;19;Поступление;180;90
1008;03.06.2021;14;19;Продажа;54;90
1009;03.06.2021;14;20;Поступление;170;80
1010;03.06.2021;14;20;Продажа;57;80
1011;03.06.2021;14;21;Поступление;180;105
1012;03.06.2021;14;21;Продажа;67;105
1013;03.06.2021;14;22;Поступление;180;115
1014;03.06.2021;14;22;Продажа;51;115
1015;03.06.2021;14;23;Поступление;180;120
1016;03.06.2021;14;23;Продажа;12;120
1017;03.06.2021;14;35;Поступление;180;55
1018;03.06.2021;14;35;Продажа;58;55
1019;03.06.2021;14;37;Поступление;170;50
1020;03.06.2021;14;37;Продажа;135;50
1021;03.06.2021;14;38;Поступление;180;70
1022;03.06.2021;14;38;Продажа;104;70
1023;03.06.2021;14;39;Поступление;180;95
1024;03.06.2021;14;39;Продажа;160;95
1025;03.06.2021;14;40;Поступление;170;15
1026;03.06.2021;14;40;Продажа;48;15
1027;03.06.2021;14;41;Поступление;180;35
1028;03.06.2021;14;41;Продажа;19;35
1029;03.06.2021;14;42;Поступление;180;90
1030;03.06.2021;14;42;Продажа;20;90
1031;03.06.2021;14;43;Поступление;180;40
1032;03.06.2021;14;43;Продажа;10;40
1033;03.06.2021;15;17;Поступление;180;95
1034;03.06.2021;15;17;Продажа;94;95
1035;03.06.2021;15;19;Поступление;170;90
1036;03.06.2021;15;19;Продажа;58;90
1037;03.06.2021;15;20;Поступление;180;80
1038;03.06.2021;15;20;Продажа;55;80
1039;03.06.2021;15;21;Поступление;180;105
1040;03.06.2021;15;21;Продажа;89;105
1041;03.06.2021;15;22;Поступление;170;115
1042;03.06.2021;15;22;Продажа;93;115
1043;03.06.2021;15;23;Поступление;180;120
1044;03.06.2021;15;23;Продажа;45;120
1045;03.06.2021;15;35;Поступление;180;55
1046;03.06.2021;15;35;Продажа;51;55
1047;03.06.2021;15;37;Поступление;180;50
1048;03.06.2021;15;37;Продажа;124;50
1049;03.06.2021;15;38;Поступление;180;70
1050;03.06.2021;15;38;Продажа;115;70
1051;03.06.2021;15;39;Поступление;170;95
1052;03.06.2021;15;39;Продажа;147;95
1053;03.06.2021;15;40;Поступление;180;15
1054;03.06.2021;15;40;Продажа;42;15
1055;03.06.2021;15;41;Поступление;180;35
1056;03.06.2021;15;41;Продажа;48;35
1057;03.06.2021;15;42;Поступление;170;90
1058;03.06.2021;15;42;Продажа;24;90
1059;03.06.2021;15;43;Поступление;180;40
1060;03.06.2021;15;43;Продажа;12;40
1061;03.06.2021;16;17;Поступление;180;95
1062;03.06.2021;16;17;Продажа;80;95
1063;03.06.2021;16;19;Поступление;180;90
1064;03.06.2021;16;19;Продажа;50;90
1065;03.06.2021;16;20;Поступление;180;80
1066;03.06.2021;16;20;Продажа;45;80
1067;03.06.2021;16;21;Поступление;170;105
1068;03.06.2021;16;21;Продажа;90;105
1069;03.06.2021;16;22;Поступление;180;115
1070;03.06.2021;16;22;Продажа;87;115
1071;03.06.2021;16;23;Поступление;180;120
1072;03.06.2021;16;23;Продажа;40;120
1073;03.06.2021;16;35;Поступление;170;55
1074;03.06.2021;16;35;Продажа;58;55
1075;03.06.2021;16;37;Поступление;180;50
1076;03.06.2021;16;37;Продажа;123;50
1077;03.06.2021;16;38;Поступление;180;70
1078;03.06.2021;16;38;Продажа;105;70
1079;03.06.2021;16;39;Поступление;180;95
1080;03.06.2021;16;39;Продажа;150;95
1081;03.06.2021;16;40;Поступление;180;15
1082;03.06.2021;16;40;Продажа;30;15
1083;03.06.2021;16;41;Поступление;170;35
1084;03.06.2021;16;41;Продажа;15;35
1085;03.06.2021;16;42;Поступление;180;90
1086;03.06.2021;16;42;Продажа;10;90
1087;03.06.2021;16;43;Поступление;180;40
1088;03.06.2021;16;43;Продажа;23;40
1089;03.06.2021;2;17;Поступление;170;95
1090;03.06.2021;2;17;Продажа;85;95
1091;03.06.2021;2;19;Поступление;180;90
1092;03.06.2021;2;19;Продажа;49;90
1093;03.06.2021;2;20;Поступление;180;80
1094;03.06.2021;2;20;Продажа;52;80
1095;03.06.2021;2;21;Поступление;180;105
1096;03.06.2021;2;21;Продажа;84;105
1097;03.06.2021;2;22;Поступление;180;115
1098;03.06.2021;2;22;Продажа;82;115
1099;03.06.2021;2;23;Поступление;170;120
1100;03.06.2021;2;23;Продажа;40;120
1101;03.06.2021;2;35;Поступление;180;55
1102;03.06.2021;2;35;Продажа;53;55
1103;03.06.2021;2;37;Поступление;180;50
1104;03.06.2021;2;37;Продажа;119;50
1105;03.06.2021;2;38;Поступление;170;70
1106;03.06.2021;2;38;Продажа;107;70
1107;03.06.2021;2;39;Поступление;180;95
1108;03.06.2021;2;39;Продажа;144;95
1109;03.06.2021;2;40;Поступление;180;15
1110;03.06.2021;2;40;Продажа;38;15
1111;03.06.2021;2;41;Поступление;180;35
1112;03.06.2021;2;41;Продажа;25;35
1113;03.06.2021;2;42;Поступление;180;90
1114;03.06.2021;2;42;Продажа;21;90
1115;03.06.2021;2;43;Поступление;170;40
1116;03.06.2021;2;43;Продажа;17;40
1117;03.06.2021;3;17;Поступление;180;95
1118;03.06.2021;3;17;Продажа;85;95
1119;03.06.2021;3;19;Поступление;180;90
1120;03.06.2021;3;19;Продажа;55;90
1121;03.06.2021;3;20;Поступление;170;80
1122;03.06.2021;3;20;Продажа;57;80
1123;03.06.2021;3;21;Поступление;180;105
1124;03.06.2021;3;21;Продажа;78;105
1125;03.06.2021;3;22;Поступление;180;115
1126;03.06.2021;3;22;Продажа;71;115
1127;03.06.2021;3;23;Поступление;180;120
1128;03.06.2021;3;23;Продажа;15;120
1129;03.06.2021;3;35;Поступление;180;55
1130;03.06.2021;3;35;Продажа;54;55
1131;03.06.2021;3;37;Поступление;170;50
1132;03.06.2021;3;37;Продажа;135;50
1133;03.06.2021;3;38;Поступление;180;70
1134;03.06.2021;3;38;Продажа;86;70
1135;03.06.2021;3;39;Поступление;180;95
1136;03.06.2021;3;39;Продажа;148;95
1137;03.06.2021;3;40;Поступление;170;15
1138;03.06.2021;3;40;Продажа;47;15
1139;03.06.2021;3;41;Поступление;180;35
1140;03.06.2021;3;41;Продажа;18;35
1141;03.06.2021;3;42;Поступление;180;90
1142;03.06.2021;3;42;Продажа;26;90
1143;03.06.2021;3;43;Поступление;180;40
1144;03.06.2021;3;43;Продажа;18;40
1145;03.06.2021;4;17;Поступление;180;95
1146;03.06.2021;4;17;Продажа;77;95
1147;03.06.2021;4;19;Поступление;170;90
1148;03.06.2021;4;19;Продажа;54;90
1149;03.06.2021;4;20;Поступление;180;80
1150;03.06.2021;4;20;Продажа;57;80
1151;03.06.2021;4;21;Поступление;180;105
1152;03.06.2021;4;21;Продажа;82;105
1153;03.06.2021;4;22;Поступление;170;115
1154;03.06.2021;4;22;Продажа;75;115
1155;03.06.2021;4;23;Поступление;180;120
1156;03.06.2021;4;23;Продажа;30;120
1157;03.06.2021;4;35;Поступление;180;55
1158;03.06.2021;4;35;Продажа;59;55
1159;03.06.2021;4;37;Поступление;180;50
1160;03.06.2021;4;37;Продажа;125;50
1161;03.06.2021;4;38;Поступление;180;70
1162;03.06.2021;4;38;Продажа;110;70
1163;03.06.2021;4;39;Поступление;170;95
1164;03.06.2021;4;39;Продажа;148;95
1165;03.06.2021;4;40;Поступление;180;15
1166;03.06.2021;4;40;Продажа;47;15
1167;03.06.2021;4;41;Поступление;180;35
1168;03.06.2021;4;41;Продажа;12;35
1169;03.06.2021;4;42;Поступление;170;90
1170;03.06.2021;4;42;Продажа;19;90
1171;03.06.2021;4;43;Поступление;180;40
1172;03.06.2021;4;43;Продажа;14;40
1173;03.06.2021;5;17;Поступление;180;95
1174;03.06.2021;5;17;Продажа;98;95
1175;03.06.2021;5;19;Поступление;180;90
1176;03.06.2021;5;19;Продажа;54;90
1177;03.06.2021;5;20;Поступление;180;80
1178;03.06.2021;5;20;Продажа;48;80
1179;03.06.2021;5;21;Поступление;170;105
1180;03.06.2021;5;21;Продажа;95;105
1181;03.06.2021;5;22;Поступление;180;115
1182;03.06.2021;5;22;Продажа;99;115
1183;03.06.2021;5;23;Поступление;180;120
1184;03.06.2021;5;23;Продажа;42;120
1185;03.06.2021;5;35;Поступление;170;55
1186;03.06.2021;5;35;Продажа;54;55
1187;03.06.2021;5;37;Поступление;180;50
1188;03.06.2021;5;37;Продажа;127;50
1189;03.06.2021;5;38;Поступление;180;70
1190;03.06.2021;5;38;Продажа;116;70
1191;03.06.2021;5;39;Поступление;180;95
1192;03.06.2021;5;39;Продажа;154;95
1193;03.06.2021;5;40;Поступление;180;15
1194;03.06.2021;5;40;Продажа;26;15
1195;03.06.2021;5;41;Поступление;170;35
1196;03.06.2021;5;41;Продажа;44;35
1197;03.06.2021;5;42;Поступление;180;90
1198;03.06.2021;5;42;Продажа;25;90
1199;03.06.2021;5;43;Поступление;180;40
1200;03.06.2021;5;43;Продажа;19;40
1201;03.06.2021;6;17;Поступление;170;95
1202;03.06.2021;6;17;Продажа;98;95
1203;03.06.2021;6;19;Поступление;180;90
1204;03.06.2021;6;19;Продажа;54;90
1205;03.06.2021;6;20;Поступление;180;80
1206;03.06.2021;6;20;Продажа;49;80
1207;03.06.2021;6;21;Поступление;180;105
1208;03.06.2021;6;21;Продажа;84;105
1209;03.06.2021;6;22;Поступление;180;115
1210;03.06.2021;6;22;Продажа;97;115
1211;03.06.2021;6;23;Поступление;170;120
1212;03.06.2021;6;23;Продажа;40;120
1213;03.06.2021;6;35;Поступление;180;55
1214;03.06.2021;6;35;Продажа;27;55
1215;03.06.2021;6;37;Поступление;180;50
1216;03.06.2021;6;37;Продажа;89;50
1217;03.06.2021;6;38;Поступление;170;70
1218;03.06.2021;6;38;Продажа;104;70
1219;03.06.2021;6;39;Поступление;180;95
1220;03.06.2021;6;39;Продажа;136;95
1221;03.06.2021;6;40;Поступление;180;15
1222;03.06.2021;6;40;Продажа;21;15
1223;03.06.2021;6;41;Поступление;180;35
1224;03.06.2021;6;41;Продажа;35;35
1225;03.06.2021;6;42;Поступление;180;90
1226;03.06.2021;6;42;Продажа;14;90
1227;03.06.2021;6;43;Поступление;170;40
1228;03.06.2021;6;43;Продажа;8;40
1229;03.06.2021;7;17;Поступление;180;95
1230;03.06.2021;7;17;Продажа;90;95
1231;03.06.2021;7;19;Поступление;180;90
1232;03.06.2021;7;19;Продажа;58;90
1233;03.06.2021;7;20;Поступление;170;80
1234;03.06.2021;7;20;Продажа;60;80
1235;03.06.2021;7;21;Поступление;180;105
1236;03.06.2021;7;21;Продажа;95;105
1237;03.06.2021;7;22;Поступление;180;115
1238;03.06.2021;7;22;Продажа;81;115
1239;03.06.2021;7;23;Поступление;180;120
1240;03.06.2021;7;23;Продажа;35;120
1241;03.06.2021;7;35;Поступление;180;55
1242;03.06.2021;7;35;Продажа;57;55
1243;03.06.2021;7;37;Поступление;170;50
1244;03.06.2021;7;37;Продажа;135;50
1245;03.06.2021;7;38;Поступление;180;70
1246;03.06.2021;7;38;Продажа;114;70
1247;03.06.2021;7;39;Поступление;180;95
1248;03.06.2021;7;39;Продажа;153;95
1249;03.06.2021;7;40;Поступление;170;15
1250;03.06.2021;7;40;Продажа;37;15
1251;03.06.2021;7;41;Поступление;180;35
1252;03.06.2021;7;41;Продажа;14;35
1253;03.06.2021;7;42;Поступление;180;90
1254;03.06.2021;7;42;Продажа;17;90
1255;03.06.2021;7;43;Поступление;180;40
1256;03.06.2021;7;43;Продажа;21;40
1257;03.06.2021;8;17;Поступление;180;95
1258;03.06.2021;8;17;Продажа;87;95
1259;03.06.2021;8;19;Поступление;170;90
1260;03.06.2021;8;19;Продажа;47;90
1261;03.06.2021;8;20;Поступление;180;80
1262;03.06.2021;8;20;Продажа;54;80
1263;03.06.2021;8;21;Поступление;180;105
1264;03.06.2021;8;21;Продажа;82;105
1265;03.06.2021;8;22;Поступление;170;115
1266;03.06.2021;8;22;Продажа;75;115
1267;03.06.2021;8;23;Поступление;180;120
1268;03.06.2021;8;23;Продажа;23;120
1269;03.06.2021;8;35;Поступление;180;55
1270;03.06.2021;8;35;Продажа;58;55
1271;03.06.2021;8;37;Поступление;180;50
1272;03.06.2021;8;37;Продажа;135;50
1273;03.06.2021;8;38;Поступление;180;70
1274;03.06.2021;8;38;Продажа;112;70
1275;03.06.2021;8;39;Поступление;170;95
1276;03.06.2021;8;39;Продажа;146;95
1277;03.06.2021;8;40;Поступление;180;15
1278;03.06.2021;8;40;Продажа;45;15
1279;03.06.2021;8;41;Поступление;180;35
1280;03.06.2021;8;41;Продажа;21;35
1281;03.06.2021;8;42;Поступление;170;90
1282;03.06.2021;8;42;Продажа;18;90
1283;03.06.2021;8;43;Поступление;180;40
1284;03.06.2021;8;43;Продажа;14;40
1285;03.06.2021;9;17;Поступление;180;95
1286;03.06.2021;9;17;Продажа;78;95
1287;03.06.2021;9;19;Поступление;180;90
1288;03.06.2021;9;19;Продажа;58;90
1289;03.06.2021;9;20;Поступление;180;80
1290;03.06.2021;9;20;Продажа;57;80
1291;03.06.2021;9;21;Поступление;170;105
1292;03.06.2021;9;21;Продажа;72;105
1293;03.06.2021;9;22;Поступление;180;115
1294;03.06.2021;9;22;Продажа;68;115
1295;03.06.2021;9;23;Поступление;180;120
1296;03.06.2021;9;23;Продажа;14;120
1297;03.06.2021;9;35;Поступление;170;55
1298;03.06.2021;9;35;Продажа;54;55
1299;03.06.2021;9;37;Поступление;180;50
1300;03.06.2021;9;37;Продажа;130;50
1301;03.06.2021;9;38;Поступление;180;70
1302;03.06.2021;9;38;Продажа;85;70
1303;03.06.2021;9;39;Поступление;180;95
1304;03.06.2021;9;39;Продажа;147;95
1305;03.06.2021;9;40;Поступление;180;15
1306;03.06.2021;9;40;Продажа;47;15
1307;03.06.2021;9;41;Поступление;170;35
1308;03.06.2021;9;41;Продажа;22;35
1309;03.06.2021;9;42;Поступление;180;90
1310;03.06.2021;9;42;Продажа;14;90
1311;03.06.2021;9;43;Поступление;180;40
1312;03.06.2021;9;43;Продажа;12;40
1313;04.06.2021;1;15;Поступление;170;70
1314;04.06.2021;1;15;Продажа;180;70
1315;04.06.2021;10;15;Поступление;180;70
1316;04.06.2021;10;15;Продажа;180;70
1317;04.06.2021;11;15;Поступление;180;70
1318;04.06.2021;11;15;Продажа;108;70
1319;04.06.2021;12;15;Поступление;180;70
1320;04.06.2021;12;15;Продажа;144;70
1321;04.06.2021;13;15;Поступление;180;70
1322;04.06.2021;13;15;Продажа;144;70
1323;04.06.2021;14;15;Поступление;170;70
1324;04.06.2021;14;15;Продажа;76;70
1325;04.06.2021;15;15;Поступление;180;70
1326;04.06.2021;15;15;Продажа;180;70
1327;04.06.2021;16;15;Поступление;180;70
1328;04.06.2021;16;15;Продажа;144;70
1329;04.06.2021;2;15;Поступление;170;70
1330;04.06.2021;2;15;Продажа;132;70
1331;04.06.2021;3;15;Поступление;180;70
1332;04.06.2021;3;15;Продажа;108;70
1333;04.06.2021;4;15;Поступление;180;70
1334;04.06.2021;4;15;Продажа;144;70
1335;04.06.2021;5;15;Поступление;180;70
1336;04.06.2021;5;15;Продажа;180;70
1337;04.06.2021;6;15;Поступление;180;70
1338;04.06.2021;6;15;Продажа;160;70
1339;04.06.2021;7;15;Поступление;170;70
1340;04.06.2021;7;15;Продажа;144;70
1341;04.06.2021;8;15;Поступление;180;70
1342;04.06.2021;8;15;Продажа;120;70
1343;04.06.2021;9;15;Поступление;180;70
1344;04.06.2021;9;15;Продажа;90;70
1345;07.06.2021;1;2;Поступление;170;75
1346;07.06.2021;1;2;Продажа;95;75
1347;07.06.2021;1;11;Поступление;180;190
1348;07.06.2021;1;11;Продажа;89;190
1349;07.06.2021;1;12;Поступление;180;85
1350;07.06.2021;1;12;Продажа;104;85
1351;07.06.2021;1;31;Поступление;180;240
1352;07.06.2021;1;31;Продажа;20;240
1353;07.06.2021;1;32;Поступление;180;350
1354;07.06.2021;1;32;Продажа;24;350
1355;07.06.2021;1;36;Поступление;170;120
1356;07.06.2021;1;36;Продажа;31;120
1357;07.06.2021;1;49;Поступление;180;200
1358;07.06.2021;1;49;Продажа;49;200
1359;07.06.2021;1;50;Поступление;180;195
1360;07.06.2021;1;50;Продажа;47;195
1361;07.06.2021;1;51;Поступление;170;350
1362;07.06.2021;1;51;Продажа;48;350
1363;07.06.2021;1;52;Поступление;180;180
1364;07.06.2021;1;52;Продажа;58;180
1365;07.06.2021;1;53;Поступление;180;190
1366;07.06.2021;1;53;Продажа;57;190
1367;07.06.2021;1;54;Поступление;180;230
1368;07.06.2021;1;54;Продажа;29;230
1369;07.06.2021;1;55;Поступление;180;160
1370;07.06.2021;1;55;Продажа;66;160
1371;07.06.2021;1;56;Поступление;170;180
1372;07.06.2021;1;56;Продажа;35;180
1373;07.06.2021;1;57;Поступление;180;400
1374;07.06.2021;1;57;Продажа;26;400
1375;07.06.2021;1;58;Поступление;180;470
1376;07.06.2021;1;58;Продажа;37;470
1377;07.06.2021;1;59;Поступление;170;500
1378;07.06.2021;1;59;Продажа;39;500
1379;07.06.2021;1;60;Поступление;180;400
1380;07.06.2021;1;60;Продажа;38;400
1381;07.06.2021;1;61;Поступление;180;220
1382;07.06.2021;1;61;Продажа;27;220
1383;07.06.2021;1;62;Поступление;180;170
1384;07.06.2021;1;62;Продажа;19;170
1385;07.06.2021;1;63;Поступление;180;150
1386;07.06.2021;1;63;Продажа;26;150
1387;07.06.2021;1;64;Поступление;170;350
1388;07.06.2021;1;64;Продажа;18;350
1389;07.06.2021;10;2;Поступление;180;75
1390;07.06.2021;10;2;Продажа;102;75
1391;07.06.2021;10;11;Поступление;180;190
1392;07.06.2021;10;11;Продажа;93;190
1393;07.06.2021;10;12;Поступление;170;85
1394;07.06.2021;10;12;Продажа;110;85
1395;07.06.2021;10;31;Поступление;180;240
1396;07.06.2021;10;31;Продажа;18;240
1397;07.06.2021;10;32;Поступление;180;350
1398;07.06.2021;10;32;Продажа;34;350
1399;07.06.2021;10;36;Поступление;180;120
1400;07.06.2021;10;36;Продажа;32;120
1401;07.06.2021;10;49;Поступление;180;200
1402;07.06.2021;10;49;Продажа;57;200
1403;07.06.2021;10;50;Поступление;170;195
1404;07.06.2021;10;50;Продажа;55;195
1405;07.06.2021;10;51;Поступление;180;350
1406;07.06.2021;10;51;Продажа;53;350
1407;07.06.2021;10;52;Поступление;180;180
1408;07.06.2021;10;52;Продажа;64;180
1409;07.06.2021;10;53;Поступление;170;190
1410;07.06.2021;10;53;Продажа;62;190
1411;07.06.2021;10;54;Поступление;180;230
1412;07.06.2021;10;54;Продажа;37;230
1413;07.06.2021;10;55;Поступление;180;160
1414;07.06.2021;10;55;Продажа;74;160
1415;07.06.2021;10;56;Поступление;180;180
1416;07.06.2021;10;56;Продажа;42;180
1417;07.06.2021;10;57;Поступление;180;400
1418;07.06.2021;10;57;Продажа;33;400
1419;07.06.2021;10;58;Поступление;170;470
1420;07.06.2021;10;58;Продажа;44;470
1421;07.06.2021;10;59;Поступление;180;500
1422;07.06.2021;10;59;Продажа;49;500
1423;07.06.2021;10;60;Поступление;180;400
1424;07.06.2021;10;60;Продажа;41;400
1425;07.06.2021;10;61;Поступление;170;220
1426;07.06.2021;10;61;Продажа;37;220
1427;07.06.2021;10;62;Поступление;180;170
1428;07.06.2021;10;62;Продажа;25;170
1429;07.06.2021;10;63;Поступление;180;150
1430;07.06.2021;10;63;Продажа;34;150
1431;07.06.2021;10;64;Поступление;180;350
1432;07.06.2021;10;64;Продажа;21;350
1433;07.06.2021;11;2;Поступление;180;75
1434;07.06.2021;11;2;Продажа;21;75
1435;07.06.2021;11;11;Поступление;170;190
1436;07.06.2021;11;11;Продажа;18;190
1437;07.06.2021;11;12;Поступление;180;85
1438;07.06.2021;11;12;Продажа;23;85
1439;07.06.2021;11;31;Поступление;180;240
1440;07.06.2021;11;31;Продажа;4;240
1441;07.06.2021;11;32;Поступление;170;350
1442;07.06.2021;11;32;Продажа;2;350
1443;07.06.2021;11;36;Поступление;180;120
1444;07.06.2021;11;36;Продажа;8;120
1445;07.06.2021;11;49;Поступление;180;200
1446;07.06.2021;11;49;Продажа;42;200
1447;07.06.2021;11;50;Поступление;180;195
1448;07.06.2021;11;50;Продажа;41;195
1449;07.06.2021;11;51;Поступление;180;350
1450;07.06.2021;11;51;Продажа;32;350
1451;07.06.2021;11;52;Поступление;170;180
1452;07.06.2021;11;52;Продажа;63;180
1453;07.06.2021;11;53;Поступление;180;190
1454;07.06.2021;11;53;Продажа;62;190
1455;07.06.2021;11;54;Поступление;180;230
1456;07.06.2021;11;54;Продажа;31;230
1457;07.06.2021;11;55;Поступление;170;160
1458;07.06.2021;11;55;Продажа;74;160
1459;07.06.2021;11;56;Поступление;180;180
1460;07.06.2021;11;56;Продажа;45;180
1461;07.06.2021;11;57;Поступление;180;400
1462;07.06.2021;11;57;Продажа;31;400
1463;07.06.2021;11;58;Поступление;180;470
1464;07.06.2021;11;58;Продажа;26;470
1465;07.06.2021;11;59;Поступление;180;500
1466;07.06.2021;11;59;Продажа;21;500
1467;07.06.2021;11;60;Поступление;170;400
1468;07.06.2021;11;60;Продажа;20;400
1469;07.06.2021;11;61;Поступление;180;220
1470;07.06.2021;11;61;Продажа;33;220
1471;07.06.2021;11;62;Поступление;180;170
1472;07.06.2021;11;62;Продажа;25;170
1473;07.06.2021;11;63;Поступление;170;150
1474;07.06.2021;11;63;Продажа;33;150
1475;07.06.2021;11;64;Поступление;180;350
1476;07.06.2021;11;64;Продажа;11;350
1477;07.06.2021;12;2;Поступление;180;75
1478;07.06.2021;12;2;Продажа;50;75
1479;07.06.2021;12;11;Поступление;180;190
1480;07.06.2021;12;11;Продажа;48;190
1481;07.06.2021;12;12;Поступление;180;85
1482;07.06.2021;12;12;Продажа;58;85
1483;07.06.2021;12;31;Поступление;170;240
1484;07.06.2021;12;31;Продажа;8;240
1485;07.06.2021;12;32;Поступление;180;350
1486;07.06.2021;12;32;Продажа;9;350
1487;07.06.2021;12;36;Поступление;180;120
1488;07.06.2021;12;36;Продажа;14;120
1489;07.06.2021;12;49;Поступление;170;200
1490;07.06.2021;12;49;Продажа;48;200
1491;07.06.2021;12;50;Поступление;180;195
1492;07.06.2021;12;50;Продажа;47;195
1493;07.06.2021;12;51;Поступление;180;350
1494;07.06.2021;12;51;Продажа;39;350
1495;07.06.2021;12;52;Поступление;180;180
1496;07.06.2021;12;52;Продажа;57;180
1497;07.06.2021;12;53;Поступление;180;190
1498;07.06.2021;12;53;Продажа;55;190
1499;07.06.2021;12;54;Поступление;170;230
1500;07.06.2021;12;54;Продажа;28;230
1501;07.06.2021;12;55;Поступление;180;160
1502;07.06.2021;12;55;Продажа;64;160
1503;07.06.2021;12;56;Поступление;180;180
1504;07.06.2021;12;56;Продажа;37;180
1505;07.06.2021;12;57;Поступление;170;400
1506;07.06.2021;12;57;Продажа;18;400
1507;07.06.2021;12;58;Поступление;180;470
1508;07.06.2021;12;58;Продажа;29;470
1509;07.06.2021;12;59;Поступление;180;500
1510;07.06.2021;12;59;Продажа;27;500
1511;07.06.2021;12;60;Поступление;180;400
1512;07.06.2021;12;60;Продажа;35;400
1513;07.06.2021;12;61;Поступление;180;220
1514;07.06.2021;12;61;Продажа;29;220
1515;07.06.2021;12;62;Поступление;170;170
1516;07.06.2021;12;62;Продажа;18;170
1517;07.06.2021;12;63;Поступление;180;150
1518;07.06.2021;12;63;Продажа;23;150
1519;07.06.2021;12;64;Поступление;180;350
1520;07.06.2021;12;64;Продажа;25;350
1521;07.06.2021;13;2;Поступление;170;75
1522;07.06.2021;13;2;Продажа;47;75
1523;07.06.2021;13;11;Поступление;180;190
1524;07.06.2021;13;11;Продажа;54;190
1525;07.06.2021;13;12;Поступление;180;85
1526;07.06.2021;13;12;Продажа;72;85
1527;07.06.2021;13;31;Поступление;180;240
1528;07.06.2021;13;31;Продажа;8;240
1529;07.06.2021;13;32;Поступление;180;350
1530;07.06.2021;13;32;Продажа;6;350
1531;07.06.2021;13;36;Поступление;170;120
1532;07.06.2021;13;36;Продажа;19;120
1533;07.06.2021;13;49;Поступление;180;200
1534;07.06.2021;13;49;Продажа;55;200
1535;07.06.2021;13;50;Поступление;180;195
1536;07.06.2021;13;50;Продажа;52;195
1537;07.06.2021;13;51;Поступление;170;350
1538;07.06.2021;13;51;Продажа;43;350
1539;07.06.2021;13;52;Поступление;180;180
1540;07.06.2021;13;52;Продажа;61;180
1541;07.06.2021;13;53;Поступление;180;190
1542;07.06.2021;13;53;Продажа;67;190
1543;07.06.2021;13;54;Поступление;180;230
1544;07.06.2021;13;54;Продажа;34;230
1545;07.06.2021;13;55;Поступление;180;160
1546;07.06.2021;13;55;Продажа;72;160
1547;07.06.2021;13;56;Поступление;170;180
1548;07.06.2021;13;56;Продажа;48;180
1549;07.06.2021;13;57;Поступление;180;400
1550;07.06.2021;13;57;Продажа;24;400
1551;07.06.2021;13;58;Поступление;180;470
1552;07.06.2021;13;58;Продажа;31;470
1553;07.06.2021;13;59;Поступление;170;500
1554;07.06.2021;13;59;Продажа;32;500
1555;07.06.2021;13;60;Поступление;180;400
1556;07.06.2021;13;60;Продажа;43;400
1557;07.06.2021;13;61;Поступление;180;220
1558;07.06.2021;13;61;Продажа;31;220
1559;07.06.2021;13;62;Поступление;180;170
1560;07.06.2021;13;62;Продажа;22;170
1561;07.06.2021;13;63;Поступление;180;150
1562;07.06.2021;13;63;Продажа;37;150
1563;07.06.2021;13;64;Поступление;170;350
1564;07.06.2021;13;64;Продажа;26;350
1565;07.06.2021;14;2;Поступление;180;75
1566;07.06.2021;14;2;Продажа;26;75
1567;07.06.2021;14;11;Поступление;180;190
1568;07.06.2021;14;11;Продажа;14;190
1569;07.06.2021;14;12;Поступление;170;85
1570;07.06.2021;14;12;Продажа;21;85
1571;07.06.2021;14;31;Поступление;180;240
1572;07.06.2021;14;31;Продажа;4;240
1573;07.06.2021;14;32;Поступление;180;350
1574;07.06.2021;14;32;Продажа;3;350
1575;07.06.2021;14;36;Поступление;180;120
1576;07.06.2021;14;36;Продажа;11;120
1577;07.06.2021;14;49;Поступление;180;200
1578;07.06.2021;14;49;Продажа;37;200
1579;07.06.2021;14;50;Поступление;170;195
1580;07.06.2021;14;50;Продажа;35;195
1581;07.06.2021;14;51;Поступление;180;350
1582;07.06.2021;14;51;Продажа;28;350
1583;07.06.2021;14;52;Поступление;180;180
1584;07.06.2021;14;52;Продажа;58;180
1585;07.06.2021;14;53;Поступление;170;190
1586;07.06.2021;14;53;Продажа;59;190
1587;07.06.2021;14;54;Поступление;180;230
1588;07.06.2021;14;54;Продажа;24;230
1589;07.06.2021;14;55;Поступление;180;160
1590;07.06.2021;14;55;Продажа;65;160
1591;07.06.2021;14;56;Поступление;180;180
1592;07.06.2021;14;56;Продажа;37;180
1593;07.06.2021;14;57;Поступление;180;400
1594;07.06.2021;14;57;Продажа;28;400
1595;07.06.2021;14;58;Поступление;170;470
1596;07.06.2021;14;58;Продажа;19;470
1597;07.06.2021;14;59;Поступление;180;500
1598;07.06.2021;14;59;Продажа;18;500
1599;07.06.2021;14;60;Поступление;180;400
1600;07.06.2021;14;60;Продажа;16;400
1601;07.06.2021;14;61;Поступление;170;220
1602;07.06.2021;14;61;Продажа;25;220
1603;07.06.2021;14;62;Поступление;180;170
1604;07.06.2021;14;62;Продажа;15;170
1605;07.06.2021;14;63;Поступление;180;150
1606;07.06.2021;14;63;Продажа;27;150
1607;07.06.2021;14;64;Поступление;180;350
1608;07.06.2021;14;64;Продажа;14;350
1609;07.06.2021;15;2;Поступление;180;75
1610;07.06.2021;15;2;Продажа;95;75
1611;07.06.2021;15;11;Поступление;170;190
1612;07.06.2021;15;11;Продажа;87;190
1613;07.06.2021;15;12;Поступление;180;85
1614;07.06.2021;15;12;Продажа;115;85
1615;07.06.2021;15;31;Поступление;180;240
1616;07.06.2021;15;31;Продажа;12;240
1617;07.06.2021;15;32;Поступление;170;350
1618;07.06.2021;15;32;Продажа;19;350
1619;07.06.2021;15;36;Поступление;180;120
1620;07.06.2021;15;36;Продажа;27;120
1621;07.06.2021;15;49;Поступление;180;200
1622;07.06.2021;15;49;Продажа;49;200
1623;07.06.2021;15;50;Поступление;180;195
1624;07.06.2021;15;50;Продажа;47;195
1625;07.06.2021;15;51;Поступление;180;350
1626;07.06.2021;15;51;Продажа;48;350
1627;07.06.2021;15;52;Поступление;170;180
1628;07.06.2021;15;52;Продажа;58;180
1629;07.06.2021;15;53;Поступление;180;190
1630;07.06.2021;15;53;Продажа;57;190
1631;07.06.2021;15;54;Поступление;180;230
1632;07.06.2021;15;54;Продажа;29;230
1633;07.06.2021;15;55;Поступление;170;160
1634;07.06.2021;15;55;Продажа;66;160
1635;07.06.2021;15;56;Поступление;180;180
1636;07.06.2021;15;56;Продажа;35;180
1637;07.06.2021;15;57;Поступление;180;400
1638;07.06.2021;15;57;Продажа;26;400
1639;07.06.2021;15;58;Поступление;180;470
1640;07.06.2021;15;58;Продажа;37;470
1641;07.06.2021;15;59;Поступление;180;500
1642;07.06.2021;15;59;Продажа;39;500
1643;07.06.2021;15;60;Поступление;170;400
1644;07.06.2021;15;60;Продажа;38;400
1645;07.06.2021;15;61;Поступление;180;220
1646;07.06.2021;15;61;Продажа;27;220
1647;07.06.2021;15;62;Поступление;180;170
1648;07.06.2021;15;62;Продажа;19;170
1649;07.06.2021;15;63;Поступление;170;150
1650;07.06.2021;15;63;Продажа;26;150
1651;07.06.2021;15;64;Поступление;180;350
1652;07.06.2021;15;64;Продажа;18;350
1653;07.06.2021;16;2;Поступление;180;75
1654;07.06.2021;16;2;Продажа;60;75
1655;07.06.2021;16;11;Поступление;180;190
1656;07.06.2021;16;11;Продажа;65;190
1657;07.06.2021;16;12;Поступление;180;85
1658;07.06.2021;16;12;Продажа;57;85
1659;07.06.2021;16;31;Поступление;170;240
1660;07.06.2021;16;31;Продажа;8;240
1661;07.06.2021;16;32;Поступление;180;350
1662;07.06.2021;16;32;Продажа;7;350
1663;07.06.2021;16;36;Поступление;180;120
1664;07.06.2021;16;36;Продажа;18;120
1665;07.06.2021;16;49;Поступление;170;200
1666;07.06.2021;16;49;Продажа;50;200
1667;07.06.2021;16;50;Поступление;180;195
1668;07.06.2021;16;50;Продажа;50;195
1669;07.06.2021;16;51;Поступление;180;350
1670;07.06.2021;16;51;Продажа;40;350
1671;07.06.2021;16;52;Поступление;180;180
1672;07.06.2021;16;52;Продажа;60;180
1673;07.06.2021;16;53;Поступление;180;190
1674;07.06.2021;16;53;Продажа;60;190
1675;07.06.2021;16;54;Поступление;170;230
1676;07.06.2021;16;54;Продажа;30;230
1677;07.06.2021;16;55;Поступление;180;160
1678;07.06.2021;16;55;Продажа;70;160
1679;07.06.2021;16;56;Поступление;180;180
1680;07.06.2021;16;56;Продажа;40;180
1681;07.06.2021;16;57;Поступление;170;400
1682;07.06.2021;16;57;Продажа;20;400
1683;07.06.2021;16;58;Поступление;180;470
1684;07.06.2021;16;58;Продажа;30;470
1685;07.06.2021;16;59;Поступление;180;500
1686;07.06.2021;16;59;Продажа;30;500
1687;07.06.2021;16;60;Поступление;180;400
1688;07.06.2021;16;60;Продажа;40;400
1689;07.06.2021;16;61;Поступление;180;220
1690;07.06.2021;16;61;Продажа;30;220
1691;07.06.2021;16;62;Поступление;170;170
1692;07.06.2021;16;62;Продажа;20;170
1693;07.06.2021;16;63;Поступление;180;150
1694;07.06.2021;16;63;Продажа;30;150
1695;07.06.2021;16;64;Поступление;180;350
1696;07.06.2021;16;64;Продажа;20;350
1697;07.06.2021;2;2;Поступление;170;75
1698;07.06.2021;2;2;Продажа;54;75
1699;07.06.2021;2;11;Поступление;180;190
1700;07.06.2021;2;11;Продажа;63;190
1701;07.06.2021;2;12;Поступление;180;85
1702;07.06.2021;2;12;Продажа;71;85
1703;07.06.2021;2;31;Поступление;180;240
1704;07.06.2021;2;31;Продажа;11;240
1705;07.06.2021;2;32;Поступление;180;350
1706;07.06.2021;2;32;Продажа;9;350
1707;07.06.2021;2;36;Поступление;170;120
1708;07.06.2021;2;36;Продажа;16;120
1709;07.06.2021;2;49;Поступление;180;200
1710;07.06.2021;2;49;Продажа;48;200
1711;07.06.2021;2;50;Поступление;180;195
1712;07.06.2021;2;50;Продажа;47;195
1713;07.06.2021;2;51;Поступление;170;350
1714;07.06.2021;2;51;Продажа;39;350
1715;07.06.2021;2;52;Поступление;180;180
1716;07.06.2021;2;52;Продажа;57;180
1717;07.06.2021;2;53;Поступление;180;190
1718;07.06.2021;2;53;Продажа;55;190
1719;07.06.2021;2;54;Поступление;180;230
1720;07.06.2021;2;54;Продажа;28;230
1721;07.06.2021;2;55;Поступление;180;160
1722;07.06.2021;2;55;Продажа;64;160
1723;07.06.2021;2;56;Поступление;170;180
1724;07.06.2021;2;56;Продажа;37;180
1725;07.06.2021;2;57;Поступление;180;400
1726;07.06.2021;2;57;Продажа;18;400
1727;07.06.2021;2;58;Поступление;180;470
1728;07.06.2021;2;58;Продажа;29;470
1729;07.06.2021;2;59;Поступление;170;500
1730;07.06.2021;2;59;Продажа;27;500
1731;07.06.2021;2;60;Поступление;180;400
1732;07.06.2021;2;60;Продажа;35;400
1733;07.06.2021;2;61;Поступление;180;220
1734;07.06.2021;2;61;Продажа;29;220
1735;07.06.2021;2;62;Поступление;180;170
1736;07.06.2021;2;62;Продажа;18;170
1737;07.06.2021;2;63;Поступление;180;150
1738;07.06.2021;2;63;Продажа;23;150
1739;07.06.2021;2;64;Поступление;170;350
1740;07.06.2021;2;64;Продажа;25;350
1741;07.06.2021;3;2;Поступление;180;75
1742;07.06.2021;3;2;Продажа;27;75
1743;07.06.2021;3;11;Поступление;180;190
1744;07.06.2021;3;11;Продажа;10;190
1745;07.06.2021;3;12;Поступление;170;85
1746;07.06.2021;3;12;Продажа;25;85
1747;07.06.2021;3;31;Поступление;180;240
1748;07.06.2021;3;31;Продажа;5;240
1749;07.06.2021;3;32;Поступление;180;350
1750;07.06.2021;3;32;Продажа;4;350
1751;07.06.2021;3;36;Поступление;180;120
1752;07.06.2021;3;36;Продажа;12;120
1753;07.06.2021;3;49;Поступление;180;200
1754;07.06.2021;3;49;Продажа;42;200
1755;07.06.2021;3;50;Поступление;170;195
1756;07.06.2021;3;50;Продажа;41;195
1757;07.06.2021;3;51;Поступление;180;350
1758;07.06.2021;3;51;Продажа;34;350
1759;07.06.2021;3;52;Поступление;180;180
1760;07.06.2021;3;52;Продажа;63;180
1761;07.06.2021;3;53;Поступление;170;190
1762;07.06.2021;3;53;Продажа;62;190
1763;07.06.2021;3;54;Поступление;180;230
1764;07.06.2021;3;54;Продажа;31;230
1765;07.06.2021;3;55;Поступление;180;160
1766;07.06.2021;3;55;Продажа;74;160
1767;07.06.2021;3;56;Поступление;180;180
1768;07.06.2021;3;56;Продажа;45;180
1769;07.06.2021;3;57;Поступление;180;400
1770;07.06.2021;3;57;Продажа;35;400
1771;07.06.2021;3;58;Поступление;170;470
1772;07.06.2021;3;58;Продажа;26;470
1773;07.06.2021;3;59;Поступление;180;500
1774;07.06.2021;3;59;Продажа;21;500
1775;07.06.2021;3;60;Поступление;180;400
1776;07.06.2021;3;60;Продажа;25;400
1777;07.06.2021;3;61;Поступление;170;220
1778;07.06.2021;3;61;Продажа;33;220
1779;07.06.2021;3;62;Поступление;180;170
1780;07.06.2021;3;62;Продажа;25;170
1781;07.06.2021;3;63;Поступление;180;150
1782;07.06.2021;3;63;Продажа;33;150
1783;07.06.2021;3;64;Поступление;180;350
1784;07.06.2021;3;64;Продажа;16;350
1785;07.06.2021;4;2;Поступление;180;75
1786;07.06.2021;4;2;Продажа;56;75
1787;07.06.2021;4;11;Поступление;170;190
1788;07.06.2021;4;11;Продажа;65;190
1789;07.06.2021;4;12;Поступление;180;85
1790;07.06.2021;4;12;Продажа;75;85
1791;07.06.2021;4;31;Поступление;180;240
1792;07.06.2021;4;31;Продажа;12;240
1793;07.06.2021;4;32;Поступление;170;350
1794;07.06.2021;4;32;Продажа;11;350
1795;07.06.2021;4;36;Поступление;180;120
1796;07.06.2021;4;36;Продажа;18;120
1797;07.06.2021;4;49;Поступление;180;200
1798;07.06.2021;4;49;Продажа;55;200
1799;07.06.2021;4;50;Поступление;180;195
1800;07.06.2021;4;50;Продажа;52;195
1801;07.06.2021;4;51;Поступление;180;350
1802;07.06.2021;4;51;Продажа;43;350
1803;07.06.2021;4;52;Поступление;170;180
1804;07.06.2021;4;52;Продажа;61;180
1805;07.06.2021;4;53;Поступление;180;190
1806;07.06.2021;4;53;Продажа;67;190
1807;07.06.2021;4;54;Поступление;180;230
1808;07.06.2021;4;54;Продажа;34;230
1809;07.06.2021;4;55;Поступление;170;160
1810;07.06.2021;4;55;Продажа;72;160
1811;07.06.2021;4;56;Поступление;180;180
1812;07.06.2021;4;56;Продажа;48;180
1813;07.06.2021;4;57;Поступление;180;400
1814;07.06.2021;4;57;Продажа;24;400
1815;07.06.2021;4;58;Поступление;180;470
1816;07.06.2021;4;58;Продажа;31;470
1817;07.06.2021;4;59;Поступление;180;500
1818;07.06.2021;4;59;Продажа;32;500
1819;07.06.2021;4;60;Поступление;170;400
1820;07.06.2021;4;60;Продажа;43;400
1821;07.06.2021;4;61;Поступление;180;220
1822;07.06.2021;4;61;Продажа;31;220
1823;07.06.2021;4;62;Поступление;180;170
1824;07.06.2021;4;62;Продажа;22;170
1825;07.06.2021;4;63;Поступление;170;150
1826;07.06.2021;4;63;Продажа;37;150
1827;07.06.2021;4;64;Поступление;180;350
1828;07.06.2021;4;64;Продажа;26;350
1829;07.06.2021;5;2;Поступление;180;75
1830;07.06.2021;5;2;Продажа;97;75
1831;07.06.2021;5;11;Поступление;180;190
1832;07.06.2021;5;11;Продажа;104;190
1833;07.06.2021;5;12;Поступление;180;85
1834;07.06.2021;5;12;Продажа;121;85
1835;07.06.2021;5;31;Поступление;170;240
1836;07.06.2021;5;31;Продажа;19;240
1837;07.06.2021;5;32;Поступление;180;350
1838;07.06.2021;5;32;Продажа;21;350
1839;07.06.2021;5;36;Поступление;180;120
1840;07.06.2021;5;36;Продажа;28;120
1841;07.06.2021;5;49;Поступление;170;200
1842;07.06.2021;5;49;Продажа;57;200
1843;07.06.2021;5;50;Поступление;180;195
1844;07.06.2021;5;50;Продажа;55;195
1845;07.06.2021;5;51;Поступление;180;350
1846;07.06.2021;5;51;Продажа;53;350
1847;07.06.2021;5;52;Поступление;180;180
1848;07.06.2021;5;52;Продажа;64;180
1849;07.06.2021;5;53;Поступление;180;190
1850;07.06.2021;5;53;Продажа;62;190
1851;07.06.2021;5;54;Поступление;170;230
1852;07.06.2021;5;54;Продажа;37;230
1853;07.06.2021;5;55;Поступление;180;160
1854;07.06.2021;5;55;Продажа;74;160
1855;07.06.2021;5;56;Поступление;180;180
1856;07.06.2021;5;56;Продажа;42;180
1857;07.06.2021;5;57;Поступление;170;400
1858;07.06.2021;5;57;Продажа;33;400
1859;07.06.2021;5;58;Поступление;180;470
1860;07.06.2021;5;58;Продажа;44;470
1861;07.06.2021;5;59;Поступление;180;500
1862;07.06.2021;5;59;Продажа;49;500
1863;07.06.2021;5;60;Поступление;180;400
1864;07.06.2021;5;60;Продажа;41;400
1865;07.06.2021;5;61;Поступление;180;220
1866;07.06.2021;5;61;Продажа;37;220
1867;07.06.2021;5;62;Поступление;170;170
1868;07.06.2021;5;62;Продажа;25;170
1869;07.06.2021;5;63;Поступление;180;150
1870;07.06.2021;5;63;Продажа;34;150
1871;07.06.2021;5;64;Поступление;180;350
1872;07.06.2021;5;64;Продажа;21;350
1873;07.06.2021;6;2;Поступление;170;75
1874;07.06.2021;6;2;Продажа;97;75
1875;07.06.2021;6;11;Поступление;180;190
1876;07.06.2021;6;11;Продажа;104;190
1877;07.06.2021;6;12;Поступление;180;85
1878;07.06.2021;6;12;Продажа;112;85
1879;07.06.2021;6;31;Поступление;180;240
1880;07.06.2021;6;31;Продажа;14;240
1881;07.06.2021;6;32;Поступление;180;350
1882;07.06.2021;6;32;Продажа;19;350
1883;07.06.2021;6;36;Поступление;170;120
1884;07.06.2021;6;36;Продажа;14;120
1885;07.06.2021;6;49;Поступление;180;200
1886;07.06.2021;6;49;Продажа;50;200
1887;07.06.2021;6;50;Поступление;180;195
1888;07.06.2021;6;50;Продажа;50;195
1889;07.06.2021;6;51;Поступление;170;350
1890;07.06.2021;6;51;Продажа;50;350
1891;07.06.2021;6;52;Поступление;180;180
1892;07.06.2021;6;52;Продажа;60;180
1893;07.06.2021;6;53;Поступление;180;190
1894;07.06.2021;6;53;Продажа;60;190
1895;07.06.2021;6;54;Поступление;180;230
1896;07.06.2021;6;54;Продажа;30;230
1897;07.06.2021;6;55;Поступление;180;160
1898;07.06.2021;6;55;Продажа;70;160
1899;07.06.2021;6;56;Поступление;170;180
1900;07.06.2021;6;56;Продажа;40;180
1901;07.06.2021;6;57;Поступление;180;400
1902;07.06.2021;6;57;Продажа;30;400
1903;07.06.2021;6;58;Поступление;180;470
1904;07.06.2021;6;58;Продажа;40;470
1905;07.06.2021;6;59;Поступление;170;500
1906;07.06.2021;6;59;Продажа;40;500
1907;07.06.2021;6;60;Поступление;180;400
1908;07.06.2021;6;60;Продажа;40;400
1909;07.06.2021;6;61;Поступление;180;220
1910;07.06.2021;6;61;Продажа;30;220
1911;07.06.2021;6;62;Поступление;180;170
1912;07.06.2021;6;62;Продажа;40;170
1913;07.06.2021;6;63;Поступление;180;150
1914;07.06.2021;6;63;Продажа;30;150
1915;07.06.2021;6;64;Поступление;170;350
1916;07.06.2021;6;64;Продажа;20;350
1917;07.06.2021;7;2;Поступление;180;75
1918;07.06.2021;7;2;Продажа;75;75
1919;07.06.2021;7;11;Поступление;180;190
1920;07.06.2021;7;11;Продажа;54;190
1921;07.06.2021;7;12;Поступление;170;85
1922;07.06.2021;7;12;Продажа;63;85
1923;07.06.2021;7;31;Поступление;180;240
1924;07.06.2021;7;31;Продажа;3;240
1925;07.06.2021;7;32;Поступление;180;350
1926;07.06.2021;7;32;Продажа;5;350
1927;07.06.2021;7;36;Поступление;180;120
1928;07.06.2021;7;36;Продажа;10;120
1929;07.06.2021;7;49;Поступление;180;200
1930;07.06.2021;7;49;Продажа;48;200
1931;07.06.2021;7;50;Поступление;170;195
1932;07.06.2021;7;50;Продажа;47;195
1933;07.06.2021;7;51;Поступление;180;350
1934;07.06.2021;7;51;Продажа;39;350
1935;07.06.2021;7;52;Поступление;180;180
1936;07.06.2021;7;52;Продажа;57;180
1937;07.06.2021;7;53;Поступление;170;190
1938;07.06.2021;7;53;Продажа;55;190
1939;07.06.2021;7;54;Поступление;180;230
1940;07.06.2021;7;54;Продажа;28;230
1941;07.06.2021;7;55;Поступление;180;160
1942;07.06.2021;7;55;Продажа;64;160
1943;07.06.2021;7;56;Поступление;180;180
1944;07.06.2021;7;56;Продажа;37;180
1945;07.06.2021;7;57;Поступление;180;400
1946;07.06.2021;7;57;Продажа;18;400
1947;07.06.2021;7;58;Поступление;170;470
1948;07.06.2021;7;58;Продажа;29;470
1949;07.06.2021;7;59;Поступление;180;500
1950;07.06.2021;7;59;Продажа;27;500
1951;07.06.2021;7;60;Поступление;180;400
1952;07.06.2021;7;60;Продажа;35;400
1953;07.06.2021;7;61;Поступление;170;220
1954;07.06.2021;7;61;Продажа;29;220
1955;07.06.2021;7;62;Поступление;180;170
1956;07.06.2021;7;62;Продажа;18;170
1957;07.06.2021;7;63;Поступление;180;150
1958;07.06.2021;7;63;Продажа;23;150
1959;07.06.2021;7;64;Поступление;180;350
1960;07.06.2021;7;64;Продажа;25;350
1961;07.06.2021;8;2;Поступление;180;75
1962;07.06.2021;8;2;Продажа;65;75
1963;07.06.2021;8;11;Поступление;170;190
1964;07.06.2021;8;11;Продажа;56;190
1965;07.06.2021;8;12;Поступление;180;85
1966;07.06.2021;8;12;Продажа;71;85
1967;07.06.2021;8;31;Поступление;180;240
1968;07.06.2021;8;31;Продажа;14;240
1969;07.06.2021;8;32;Поступление;170;350
1970;07.06.2021;8;32;Продажа;8;350
1971;07.06.2021;8;36;Поступление;180;120
1972;07.06.2021;8;36;Продажа;12;120
1973;07.06.2021;8;49;Поступление;180;200
1974;07.06.2021;8;49;Продажа;55;200
1975;07.06.2021;8;50;Поступление;180;195
1976;07.06.2021;8;50;Продажа;52;195
1977;07.06.2021;8;51;Поступление;180;350
1978;07.06.2021;8;51;Продажа;43;350
1979;07.06.2021;8;52;Поступление;170;180
1980;07.06.2021;8;52;Продажа;61;180
1981;07.06.2021;8;53;Поступление;180;190
1982;07.06.2021;8;53;Продажа;67;190
1983;07.06.2021;8;54;Поступление;180;230
1984;07.06.2021;8;54;Продажа;34;230
1985;07.06.2021;8;55;Поступление;170;160
1986;07.06.2021;8;55;Продажа;72;160
1987;07.06.2021;8;56;Поступление;180;180
1988;07.06.2021;8;56;Продажа;48;180
1989;07.06.2021;8;57;Поступление;180;400
1990;07.06.2021;8;57;Продажа;24;400
1991;07.06.2021;8;58;Поступление;180;470
1992;07.06.2021;8;58;Продажа;31;470
1993;07.06.2021;8;59;Поступление;180;500
1994;07.06.2021;8;59;Продажа;32;500
1995;07.06.2021;8;60;Поступление;170;400
1996;07.06.2021;8;60;Продажа;43;400
1997;07.06.2021;8;61;Поступление;180;220
1998;07.06.2021;8;61;Продажа;31;220
1999;07.06.2021;8;62;Поступление;180;170
2000;07.06.2021;8;62;Продажа;22;170
2001;07.06.2021;8;63;Поступление;170;150
2002;07.06.2021;8;63;Продажа;37;150
2003;07.06.2021;8;64;Поступление;180;350
2004;07.06.2021;8;64;Продажа;26;350
2005;07.06.2021;9;2;Поступление;180;75
2006;07.06.2021;9;2;Продажа;28;75
2007;07.06.2021;9;11;Поступление;180;190
2008;07.06.2021;9;11;Продажа;15;190
2009;07.06.2021;9;12;Поступление;180;85
2010;07.06.2021;9;12;Продажа;31;85
2011;07.06.2021;9;31;Поступление;170;240
2012;07.06.2021;9;31;Продажа;2;240
2013;07.06.2021;9;32;Поступление;180;350
2014;07.06.2021;9;32;Продажа;1;350
2015;07.06.2021;9;36;Поступление;180;120
2016;07.06.2021;9;36;Продажа;7;120
2017;07.06.2021;9;49;Поступление;170;200
2018;07.06.2021;9;49;Продажа;37;200
2019;07.06.2021;9;50;Поступление;180;195
2020;07.06.2021;9;50;Продажа;35;195
2021;07.06.2021;9;51;Поступление;180;350
2022;07.06.2021;9;51;Продажа;28;350
2023;07.06.2021;9;52;Поступление;180;180
2024;07.06.2021;9;52;Продажа;58;180
2025;07.06.2021;9;53;Поступление;180;190
2026;07.06.2021;9;53;Продажа;59;190
2027;07.06.2021;9;54;Поступление;170;230
2028;07.06.2021;9;54;Продажа;22;230
2029;07.06.2021;9;55;Поступление;180;160
2030;07.06.2021;9;55;Продажа;65;160
2031;07.06.2021;9;56;Поступление;180;180
2032;07.06.2021;9;56;Продажа;37;180
2033;07.06.2021;9;57;Поступление;170;400
2034;07.06.2021;9;57;Продажа;28;400
2035;07.06.2021;9;58;Поступление;180;470
2036;07.06.2021;9;58;Продажа;13;470
2037;07.06.2021;9;59;Поступление;180;500
2038;07.06.2021;9;59;Продажа;18;500
2039;07.06.2021;9;60;Поступление;180;400
2040;07.06.2021;9;60;Продажа;16;400
2041;07.06.2021;9;61;Поступление;180;220
2042;07.06.2021;9;61;Продажа;25;220
2043;07.06.2021;9;62;Поступление;170;170
2044;07.06.2021;9;62;Продажа;15;170
2045;07.06.2021;9;63;Поступление;180;150
2046;07.06.2021;9;63;Продажа;27;150
2047;07.06.2021;9;64;Поступление;180;350
2048;07.06.2021;9;64;Продажа;14;350
2049;08.06.2021;1;4;Поступление;170;75
2050;08.06.2021;1;4;Продажа;36;75
2051;08.06.2021;1;5;Поступление;180;70
2052;08.06.2021;1;5;Продажа;36;70
2053;08.06.2021;1;6;Поступление;180;50
2054;08.06.2021;1;6;Продажа;36;50
2055;08.06.2021;1;9;Поступление;180;55
2056;08.06.2021;1;9;Продажа;30;55
2057;08.06.2021;1;10;Поступление;180;70
2058;08.06.2021;1;10;Продажа;30;70
2059;08.06.2021;1;13;Поступление;170;60
2060;08.06.2021;1;13;Продажа;24;60
2061;08.06.2021;1;15;Поступление;180;70
2062;08.06.2021;1;15;Продажа;80;70
2063;08.06.2021;10;4;Поступление;180;75
2064;08.06.2021;10;4;Продажа;36;75
2065;08.06.2021;10;5;Поступление;170;70
2066;08.06.2021;10;5;Продажа;36;70
2067;08.06.2021;10;6;Поступление;180;50
2068;08.06.2021;10;6;Продажа;36;50
2069;08.06.2021;10;9;Поступление;180;55
2070;08.06.2021;10;9;Продажа;30;55
2071;08.06.2021;10;10;Поступление;180;70
2072;08.06.2021;10;10;Продажа;30;70
2073;08.06.2021;10;13;Поступление;180;60
2074;08.06.2021;10;13;Продажа;24;60
2075;08.06.2021;10;15;Поступление;170;70
2076;08.06.2021;10;15;Продажа;70;70
2077;08.06.2021;11;4;Поступление;180;75
2078;08.06.2021;11;4;Продажа;24;75
2079;08.06.2021;11;5;Поступление;180;70
2080;08.06.2021;11;5;Продажа;12;70
2081;08.06.2021;11;6;Поступление;170;50
2082;08.06.2021;11;6;Продажа;15;50
2083;08.06.2021;11;9;Поступление;180;55
2084;08.06.2021;11;9;Продажа;18;55
2085;08.06.2021;11;10;Поступление;180;70
2086;08.06.2021;11;10;Продажа;18;70
2087;08.06.2021;11;13;Поступление;180;60
2088;08.06.2021;11;13;Продажа;16;60
2089;08.06.2021;11;15;Поступление;180;70
2090;08.06.2021;11;15;Продажа;36;70
2091;08.06.2021;12;4;Поступление;170;75
2092;08.06.2021;12;4;Продажа;36;75
2093;08.06.2021;12;5;Поступление;180;70
2094;08.06.2021;12;5;Продажа;24;70
2095;08.06.2021;12;6;Поступление;180;50
2096;08.06.2021;12;6;Продажа;18;50
2097;08.06.2021;12;9;Поступление;170;55
2098;08.06.2021;12;9;Продажа;30;55
2099;08.06.2021;12;10;Поступление;180;70
2100;08.06.2021;12;10;Продажа;18;70
2101;08.06.2021;12;13;Поступление;180;60
2102;08.06.2021;12;13;Продажа;20;60
2103;08.06.2021;12;15;Поступление;180;70
2104;08.06.2021;12;15;Продажа;36;70
2105;08.06.2021;13;4;Поступление;180;75
2106;08.06.2021;13;4;Продажа;36;75
2107;08.06.2021;13;5;Поступление;170;70
2108;08.06.2021;13;5;Продажа;24;70
2109;08.06.2021;13;6;Поступление;180;50
2110;08.06.2021;13;6;Продажа;18;50
2111;08.06.2021;13;9;Поступление;180;55
2112;08.06.2021;13;9;Продажа;30;55
2113;08.06.2021;13;10;Поступление;170;70
2114;08.06.2021;13;10;Продажа;18;70
2115;08.06.2021;13;13;Поступление;180;60
2116;08.06.2021;13;13;Продажа;20;60
2117;08.06.2021;13;15;Поступление;180;70
2118;08.06.2021;13;15;Продажа;72;70
2119;08.06.2021;14;4;Поступление;180;75
2120;08.06.2021;14;4;Продажа;24;75
2121;08.06.2021;14;5;Поступление;180;70
2122;08.06.2021;14;5;Продажа;12;70
2123;08.06.2021;14;6;Поступление;170;50
2124;08.06.2021;14;6;Продажа;15;50
2125;08.06.2021;14;9;Поступление;180;55
2126;08.06.2021;14;9;Продажа;18;55
2127;08.06.2021;14;10;Поступление;180;70
2128;08.06.2021;14;10;Продажа;18;70
2129;08.06.2021;14;13;Поступление;170;60
2130;08.06.2021;14;13;Продажа;16;60
2131;08.06.2021;14;15;Поступление;180;70
2132;08.06.2021;14;15;Продажа;0;70
2133;08.06.2021;15;4;Поступление;180;75
2134;08.06.2021;15;4;Продажа;36;75
2135;08.06.2021;15;5;Поступление;180;70
2136;08.06.2021;15;5;Продажа;36;70
2137;08.06.2021;15;6;Поступление;180;50
2138;08.06.2021;15;6;Продажа;36;50
2139;08.06.2021;15;9;Поступление;170;55
2140;08.06.2021;15;9;Продажа;30;55
2141;08.06.2021;15;10;Поступление;180;70
2142;08.06.2021;15;10;Продажа;30;70
2143;08.06.2021;15;13;Поступление;180;60
2144;08.06.2021;15;13;Продажа;24;60
2145;08.06.2021;15;15;Поступление;170;70
2146;08.06.2021;15;15;Продажа;90;70
2147;08.06.2021;16;4;Поступление;180;75
2148;08.06.2021;16;4;Продажа;36;75
2149;08.06.2021;16;5;Поступление;180;70
2150;08.06.2021;16;5;Продажа;24;70
2151;08.06.2021;16;6;Поступление;180;50
2152;08.06.2021;16;6;Продажа;18;50
2153;08.06.2021;16;9;Поступление;180;55
2154;08.06.2021;16;9;Продажа;30;55
2155;08.06.2021;16;10;Поступление;170;70
2156;08.06.2021;16;10;Продажа;18;70
2157;08.06.2021;16;13;Поступление;180;60
2158;08.06.2021;16;13;Продажа;20;60
2159;08.06.2021;16;15;Поступление;180;70
2160;08.06.2021;16;15;Продажа;40;70
2161;09.06.2021;2;4;Поступление;170;75
2162;09.06.2021;2;4;Продажа;36;75
2163;09.06.2021;2;5;Поступление;180;70
2164;09.06.2021;2;5;Продажа;24;70
2165;09.06.2021;2;6;Поступление;180;50
2166;09.06.2021;2;6;Продажа;18;50
2167;09.06.2021;2;9;Поступление;180;55
2168;09.06.2021;2;9;Продажа;30;55
2169;09.06.2021;2;10;Поступление;180;70
2170;09.06.2021;2;10;Продажа;18;70
2171;09.06.2021;2;13;Поступление;170;60
2172;09.06.2021;2;13;Продажа;20;60
2173;09.06.2021;2;15;Поступление;180;70
2174;09.06.2021;2;15;Продажа;0;70
2175;09.06.2021;3;4;Поступление;180;75
2176;09.06.2021;3;4;Продажа;24;75
2177;09.06.2021;3;5;Поступление;170;70
2178;09.06.2021;3;5;Продажа;12;70
2179;09.06.2021;3;6;Поступление;180;50
2180;09.06.2021;3;6;Продажа;15;50
2181;09.06.2021;3;9;Поступление;180;55
2182;09.06.2021;3;9;Продажа;18;55
2183;09.06.2021;3;10;Поступление;180;70
2184;09.06.2021;3;10;Продажа;18;70
2185;09.06.2021;3;13;Поступление;180;60
2186;09.06.2021;3;13;Продажа;16;60
2187;09.06.2021;3;15;Поступление;170;70
2188;09.06.2021;3;15;Продажа;24;70
2189;09.06.2021;4;4;Поступление;180;75
2190;09.06.2021;4;4;Продажа;36;75
2191;10.06.2021;4;5;Поступление;180;70
2192;10.06.2021;4;5;Продажа;24;70
2193;10.06.2021;4;6;Поступление;170;50
2194;10.06.2021;4;6;Продажа;18;50
2195;10.06.2021;4;9;Поступление;180;55
2196;10.06.2021;4;9;Продажа;30;55
2197;10.06.2021;4;10;Поступление;180;70
2198;10.06.2021;4;10;Продажа;18;70
2199;10.06.2021;4;13;Поступление;180;60
2200;10.06.2021;4;13;Продажа;20;60
2201;10.06.2021;4;15;Поступление;180;70
2202;10.06.2021;4;15;Продажа;20;70
2203;10.06.2021;5;4;Поступление;170;75
2204;10.06.2021;5;4;Продажа;36;75
2205;10.06.2021;5;5;Поступление;180;70
2206;10.06.2021;5;5;Продажа;36;70
2207;10.06.2021;5;6;Поступление;180;50
2208;10.06.2021;5;6;Продажа;36;50
2209;10.06.2021;5;9;Поступление;170;55
2210;10.06.2021;5;9;Продажа;30;55
2211;10.06.2021;5;10;Поступление;180;70
2212;10.06.2021;5;10;Продажа;30;70
2213;10.06.2021;5;13;Поступление;180;60
2214;10.06.2021;5;13;Продажа;24;60
2215;10.06.2021;5;15;Поступление;180;70
2216;10.06.2021;5;15;Продажа;20;70
2217;10.06.2021;6;4;Поступление;180;75
2218;10.06.2021;6;4;Продажа;36;75
2219;10.06.2021;6;5;Поступление;170;70
2220;10.06.2021;6;5;Продажа;36;70
2221;10.06.2021;6;6;Поступление;180;50
2222;10.06.2021;6;6;Продажа;36;50
2223;10.06.2021;6;9;Поступление;180;55
2224;10.06.2021;6;9;Продажа;30;55
2225;10.06.2021;6;10;Поступление;170;70
2226;10.06.2021;6;10;Продажа;30;70
2227;10.06.2021;6;13;Поступление;180;60
2228;10.06.2021;6;13;Продажа;24;60
2229;10.06.2021;6;15;Поступление;180;70
2230;10.06.2021;6;15;Продажа;0;70
2231;10.06.2021;7;4;Поступление;180;75
2232;10.06.2021;7;4;Продажа;36;75
2233;10.06.2021;7;5;Поступление;180;70
2234;10.06.2021;7;5;Продажа;24;70
2235;10.06.2021;7;6;Поступление;170;50
2236;10.06.2021;7;6;Продажа;18;50
2237;10.06.2021;7;9;Поступление;180;55
2238;10.06.2021;7;9;Продажа;30;55
2239;10.06.2021;7;10;Поступление;180;70
2240;10.06.2021;7;10;Продажа;18;70
2241;10.06.2021;7;13;Поступление;170;60
2242;10.06.2021;7;13;Продажа;20;60
2243;10.06.2021;7;15;Поступление;180;70
2244;10.06.2021;7;15;Продажа;60;70
2245;10.06.2021;8;4;Поступление;180;75
2246;10.06.2021;8;4;Продажа;36;75
2247;10.06.2021;8;5;Поступление;180;70
2248;10.06.2021;8;5;Продажа;24;70
2249;10.06.2021;8;6;Поступление;180;50
2250;10.06.2021;8;6;Продажа;18;50
2251;10.06.2021;8;9;Поступление;170;55
2252;10.06.2021;8;9;Продажа;30;55
2253;10.06.2021;8;10;Поступление;180;70
2254;10.06.2021;8;10;Продажа;18;70
2255;10.06.2021;8;13;Поступление;180;60
2256;10.06.2021;8;13;Продажа;20;60
2257;10.06.2021;8;15;Поступление;170;70
2258;10.06.2021;8;15;Продажа;10;70
2259;10.06.2021;9;4;Поступление;180;75
2260;10.06.2021;9;4;Продажа;24;75
2261;10.06.2021;9;5;Поступление;180;70
2262;10.06.2021;9;5;Продажа;12;70
2263;10.06.2021;9;6;Поступление;180;50
2264;10.06.2021;9;6;Продажа;15;50
2265;10.06.2021;9;9;Поступление;180;55
2266;10.06.2021;9;9;Продажа;18;55
2267;10.06.2021;9;10;Поступление;170;70
2268;10.06.2021;9;10;Продажа;18;70
2269;10.06.2021;9;13;Поступление;180;60
2270;10.06.2021;9;13;Продажа;16;60
2271;10.06.2021;9;15;Поступление;180;70
2272;10.06.2021;9;15;Продажа;12;70
